SET FOREIGN_KEY_CHECKS = 0;
TRUNCATE CalamitaPassate;
TRUNCATE PericoliAmbientali;
TRUNCATE Finestra;
TRUNCATE Porta;
TRUNCATE Alert;
TRUNCATE Dati;
TRUNCATE Sensore;
TRUNCATE FattoSu;
TRUNCATE Vano;
TRUNCATE Piano;
TRUNCATE MaterialeGenerico;
TRUNCATE Piastrella;
TRUNCATE Parquet;
TRUNCATE Pietra;
TRUNCATE Intonaco;
TRUNCATE Mattone;
TRUNCATE Materiali;
TRUNCATE Orario1;
TRUNCATE Orario2;
TRUNCATE Turno;
TRUNCATE Lavora1;
TRUNCATE Lavora2;
TRUNCATE CapoCantiere;
TRUNCATE Operaio;
TRUNCATE Lavoro;
TRUNCATE Assegnato;
TRUNCATE Responsabile;
TRUNCATE StadioAvanzamento;
TRUNCATE Associato;
TRUNCATE Progetto;
TRUNCATE Edificio;
TRUNCATE AreaGeografica;
TRUNCATE MV_StoricoEdificio;
TRUNCATE MV_SensoriDiffettosi;
SET FOREIGN_KEY_CHECKS = 1;



INSERT INTO areageografica VALUES('Provincia1');
INSERT INTO areageografica VALUES('Provincia2');
INSERT INTO areageografica VALUES('Provincia3');
INSERT INTO areageografica VALUES('Provincia4');


INSERT INTO edificio VALUES('AAA111','Provincia1','Tipo1');
	INSERT INTO piano VALUES('AAA111',0,'PPPP1111');
		INSERT INTO vano VALUES('AAAA1001',0,'AAA111',2.5,4,3,'Scopo1');
		INSERT INTO vano VALUES('AAAA1002',0,'AAA111',2.5,6,5,'Scopo2');
		INSERT INTO vano VALUES('AAAA1003',0,'AAA111',2.5,5,5,'Scopo3');
	INSERT INTO piano VALUES('AAA111',1,'PPPP2222');
		INSERT INTO vano VALUES('AAAA1101',1,'AAA111',2.7,10,3,'Scopo4');
		INSERT INTO vano VALUES('AAAA1102',1,'AAA111',2.7,4,5,'Scopo5');
		INSERT INTO vano VALUES('AAAA1103',1,'AAA111',2.7,6,3,'Scopo6');
		INSERT INTO vano VALUES('AAAA1104',1,'AAA111',2.7,4,9,'Scopo7');
			INSERT INTO finestra VALUES('AAAA1001','A1','Tipo1','N');
            INSERT INTO finestra VALUES('AAAA1001','A2','Tipo2','E');
            INSERT INTO porta VALUES('AAAA1001','P01','AAAA1002','Tipo1',2.2,1,4,1.5);
			INSERT INTO finestra VALUES('AAAA1002','A3','Tipo3','N');
            INSERT INTO finestra VALUES('AAAA1002','A4','Tipo3','O');
			INSERT INTO finestra VALUES('AAAA1003','A5','Tipo1','S');
            INSERT INTO finestra VALUES('AAAA1003','A6','Tipo1','S');
            INSERT INTO porta VALUES('AAAA1003','P02',NULL,'Tipo0',2.2,1,2.5,0);
            INSERT INTO porta VALUES('AAAA1003','P03','AAAA1001','Tipo1',2,0.8,0,2.5);
            INSERT INTO porta VALUES('AAAA1003','P04','AAAA1002','Tipo1',2,0.8,5,2.5);
			INSERT INTO porta VALUES('AAAA1101','P05','AAAA1102','Tipo1',2,0.8,2.5,3);
            INSERT INTO porta VALUES('AAAA1101','P06','AAAA1103','Tipo1',2,0.8,7.5,3);
			INSERT INTO finestra VALUES('AAAA1102','A7','Tipo4','E');
            INSERT INTO porta VALUES('AAAA1102','P07','AAAA1104','Tipo1',2,0.8,4,2.5);
			INSERT INTO finestra VALUES('AAAA1103','A8','Tipo4','E');
            INSERT INTO porta VALUES('AAAA1103','P08','AAAA1104','Tipo1',2,0.8,0,1.5);
			INSERT INTO finestra VALUES('AAAA1104','A9','Tipo4','E');
            
INSERT INTO edificio VALUES('AAA222','Provincia2','Tipo2');
	INSERT INTO piano VALUES('AAA222',-1,'PPPP0000');
		INSERT INTO vano VALUES('AAAA2!01',-1,'AAA222',3.5,6,10,'Scopo-1');
		INSERT INTO vano VALUES('AAAA2!02',-1,'AAA222',3.5,3,10,'Scopo-2');
	INSERT INTO piano VALUES('AAA222',0,'PPPP6666');
		INSERT INTO vano VALUES('AAAA2001',0,'AAA222',2.8,3,7,'Scopo1');
		INSERT INTO vano VALUES('AAAA2002',0,'AAA222',2.8,4,6,'Scopo2');
		INSERT INTO vano VALUES('AAAA2003',0,'AAA222',2.8,3,4,'Scopo5');
		INSERT INTO vano VALUES('AAAA2004',0,'AAA222',2.8,5,4,'Scopo6');
			INSERT INTO finestra VALUES('AAAA2!01','A1','Tipo9','N');
            INSERT INTO porta VALUES('AAAA2!01','P05','AAAA2001','Tipo3',2,0.8,6,4);
			INSERT INTO finestra VALUES('AAAA2!02','A2','Tipo2','N');
			INSERT INTO finestra VALUES('AAAA2001','A3','Tipo2','S');
			INSERT INTO finestra VALUES('AAAA2002','A4','Tipo3','E');
            INSERT INTO finestra VALUES('AAAA2002','A5','Tipo3','O');
            INSERT INTO porta VALUES('AAAA2002','P03','AAAA2001','Tipo2',2.2,1,0,4);
            INSERT INTO porta VALUES('AAAA2002','P04','AAAA2004','Tipo2',2.2,1,4,4);
			INSERT INTO finestra VALUES('AAAA2003','A6','Tipo1','N');
            INSERT INTO finestra VALUES('AAAA2003','A7','Tipo1','S');
            INSERT INTO finestra VALUES('AAAA2003','A8','Tipo1','N');
            INSERT INTO porta VALUES('AAAA2003','P01',NULL,'Tipo0',2.4,1.2,0,2);
            INSERT INTO porta VALUES('AAAA2003','P02','AAAA2002','Tipo2',2.2,1,1.5,4);
			INSERT INTO finestra VALUES('AAAA2004','A9','Tipo2','S');

INSERT INTO edificio VALUES('AAA333','Provincia1','Tipo3');
	INSERT INTO piano VALUES('AAA333',0,'PPPP4444');
		INSERT INTO vano VALUES('AAAA3001',0,'AAA333',3,4,7,'Scopo1');
        INSERT INTO vano VALUES('AAAA3002',0,'AAA333',3,6,4,'Scopo2');
        INSERT INTO vano VALUES('AAAA3003',0,'AAA333',3,6,4,'Scopo3');
        INSERT INTO vano VALUES('AAAA3004',0,'AAA333',3,5,8,'Scopo4');
			INSERT INTO finestra VALUES('AAAA3001','A1','Tipo1','N');
            INSERT INTO finestra VALUES('AAAA3001','A2','Tipo1','E');
            INSERT INTO porta VALUES('AAAA3001','P04','AAAA3003','Tipo12',1.8,0.8,4,3.5);
			INSERT INTO finestra VALUES('AAAA3002','A3','Tipo2','E');
            INSERT INTO finestra VALUES('AAAA3002','A4','Tipo3','S');
            INSERT INTO finestra VALUES('AAAA3002','A5','Tipo2','O');
            INSERT INTO porta VALUES('AAAA3002','P03','AAAA3001','Tipo12',1.8,0.8,6,2);
            INSERT INTO porta VALUES('AAAA3002','P02','AAAA3004','Tipo12',1.8,0.8,0,2);
            INSERT INTO porta VALUES('AAAA3002','P01',NULL,'Tipo10',2,1,3,0);
			INSERT INTO finestra VALUES('AAAA3003','A6','Tipo4','N');
			INSERT INTO finestra VALUES('AAAA3004','A7','Tipo1','N');
            INSERT INTO finestra VALUES('AAAA3004','A8','Tipo1','O');
            INSERT INTO porta VALUES('AAAA3004','P05','AAAA3003','Tipo12',1.8,0.8,0,4);

INSERT INTO edificio VALUES('AAA444','Provincia2','Tipo6');
	INSERT INTO piano VALUES('AAA444',0,'PPPP7777');
		INSERT INTO vano VALUES('AAAA6001',0,'AAA444',2.5,5,3,'Scopo8');
        INSERT INTO vano VALUES('AAAA6002',0,'AAA444',2.5,5,3,'Scopo9');
		INSERT INTO vano VALUES('AAAA6003',0,'AAA444',2.5,5,5,'Scopo1');
	INSERT INTO piano VALUES('AAA444',1,'PPPP8888');
		INSERT INTO vano VALUES('AAAA6101',1,'AAA444',2.75,14,3,'Scopo4');
        INSERT INTO vano VALUES('AAAA6102',1,'AAA444',2.75,4,5,'Scopo1');
        INSERT INTO vano VALUES('AAAA6103',1,'AAA444',2.75,6,5,'Scopo2');
        INSERT INTO vano VALUES('AAAA6104',1,'AAA444',2.75,4,5,'Scopo3');
	INSERT INTO piano VALUES('AAA444',2,'PPPP9999');
		INSERT INTO vano VALUES('AAAA6201',2,'AAA444',2.45,9,3,'Scopo4');
        INSERT INTO vano VALUES('AAAA6202',2,'AAA444',2.45,5,5,'Scopo3');
        INSERT INTO vano VALUES('AAAA6203',2,'AAA444',2.45,4,5,'Scopo6');
			INSERT INTO finestra VALUES('AAAA6001','A1','Tipo1','E');
            INSERT INTO finestra VALUES('AAAA6001','A2','Tipo3','N');
            INSERT INTO porta VALUES('AAAA6001','P01','AAAA6002','Tipo27',2,1,5,2);
			INSERT INTO finestra VALUES('AAAA6002','A3','Tipo1','O');
            INSERT INTO finestra VALUES('AAAA6002','A4','Tipo3','N');
			INSERT INTO finestra VALUES('AAAA6003','A5','Tipo10','S');
            INSERT INTO porta VALUES('AAAA6003','P02',NULL,'Tipo25',2.3,3,2.5,0);
            INSERT INTO porta VALUES('AAAA6003','P03','AAAA6001','Tipo27',2,1,0,2.5);
            INSERT INTO porta VALUES('AAAA6003','P04','AAAA6002','Tipo27',2,1,5,2.5);
			INSERT INTO porta VALUES('AAAA6101','P05','AAAA6102','Tipo27',2,1,2,3);
            INSERT INTO porta VALUES('AAAA6101','P06','AAAA6103','Tipo27',2,1,5,3);
            INSERT INTO porta VALUES('AAAA6101','P07','AAAA6104','Tipo27',2,1,12,3);
			INSERT INTO finestra VALUES('AAAA6102','A6','Tipo6','E');
			INSERT INTO finestra VALUES('AAAA6103','A7','Tipo5','N');
            INSERT INTO finestra VALUES('AAAA6103','A8','Tipo5','N');
            INSERT INTO porta VALUES('AAAA6103','P08','AAAA6102','Tipo26',2.3,1.5,0,2.5);
            INSERT INTO porta VALUES('AAAA6103','P09','AAAA6104','Tipo26',2.3,1.5,6,2.5);
			INSERT INTO finestra VALUES('AAAA6104','A9','Tipo6','O');
			INSERT INTO finestra VALUES('AAAA6201','B1','Tipo2','S');
            INSERT INTO finestra VALUES('AAAA6201','B2','Tipo2','SO');
            INSERT INTO porta VALUES('AAAA6201','P10','AAAA6202','Tipo27',2,1,3,3);
            INSERT INTO porta VALUES('AAAA6201','P11','AAAA6203','Tipo27',2,1,6,3);
			INSERT INTO finestra VALUES('AAAA6202','B3','Tipo8','O');
			INSERT INTO finestra VALUES('AAAA6203','B4','Tipo2','NO');
            INSERT INTO finestra VALUES('AAAA6203','B5','Tipo2','N');

INSERT INTO edificio VALUES('AAA555','Provincia2','Tipo3');
	INSERT INTO piano VALUES('AAA555',0,'PPPP4444');
		INSERT INTO vano VALUES('AAAB3001',0,'AAA555',3,4,7,'Scopo1');
        INSERT INTO vano VALUES('AAAB3002',0,'AAA555',3,6,4,'Scopo2');
        INSERT INTO vano VALUES('AAAB3003',0,'AAA555',3,6,4,'Scopo3');
        INSERT INTO vano VALUES('AAAB3004',0,'AAA555',3,5,8,'Scopo4');
			INSERT INTO finestra VALUES('AAAB3001','A1','Tipo1','N');
            INSERT INTO finestra VALUES('AAAB3001','A2','Tipo1','E');
            INSERT INTO porta VALUES('AAAB3001','P04','AAAB3003','Tipo12',1.8,0.8,4,3.5);
			INSERT INTO finestra VALUES('AAAB3002','A3','Tipo2','E');
            INSERT INTO finestra VALUES('AAAB3002','A4','Tipo3','S');
            INSERT INTO finestra VALUES('AAAB3002','A5','Tipo2','O');
            INSERT INTO porta VALUES('AAAB3002','P01',NULL,'Tipo10',2,1,3,0);
            INSERT INTO porta VALUES('AAAB3002','P02','AAAB3001','Tipo12',1.8,0.6,6,2);
            INSERT INTO porta VALUES('AAAB3002','P03','AAAB3004','Tipo12',1.8,0.6,0,2);
			INSERT INTO finestra VALUES('AAAB3003','A6','Tipo4','N');
			INSERT INTO finestra VALUES('AAAB3004','A7','Tipo1','N');
            INSERT INTO finestra VALUES('AAAB3004','A8','Tipo1','O');
            INSERT INTO porta VALUES('AAAB3004','P05','AAAB3003','Tipo12',1.8,0.8,0,4);

INSERT INTO edificio VALUES('AAA666','Provincia3','Tipo3');
	INSERT INTO piano VALUES('AAA666',0,'PPPP4444');
		INSERT INTO vano VALUES('AAAC3001',0,'AAA666',3,4,7,'Scopo1');
        INSERT INTO vano VALUES('AAAC3002',0,'AAA666',3,6,4,'Scopo2');
        INSERT INTO vano VALUES('AAAC3003',0,'AAA666',3,6,4,'Scopo3');
        INSERT INTO vano VALUES('AAAC3004',0,'AAA666',3,5,8,'Scopo4');
			INSERT INTO finestra VALUES('AAAC3001','A1','Tipo9','N');
			INSERT INTO finestra VALUES('AAAC3001','A2','Tipo1','E');
            INSERT INTO porta VALUES('AAAC3001','P04','AAAC3003','Tipo12',1.8,0.8,4,3.5);
			INSERT INTO finestra VALUES('AAAC3002','A3','Tipo2','E');
            INSERT INTO finestra VALUES('AAAC3002','A4','Tipo3','S');
            INSERT INTO finestra VALUES('AAAC3002','A5','Tipo2','O');
            INSERT INTO porta VALUES('AAAC3002','P01',NULL,'Tipo10',2,1,3,0);
            INSERT INTO porta VALUES('AAAC3002','P02','AAAC3001','Tipo12',1.8,0.8,6,2);
            INSERT INTO porta VALUES('AAAC3002','P03','AAAC3004','Tipo12',1.8,0.8,0,2);
			INSERT INTO finestra VALUES('AAAC3003','A6','Tipo4','N');
			INSERT INTO finestra VALUES('AAAC3004','A7','Tipo1','N');
            INSERT INTO finestra VALUES('AAAc3004','A8','Tipo1','O');
            INSERT INTO porta VALUES('AAAC3004','P05','AAAC3003','Tipo12',1.8,0.8,0,2);

INSERT INTO edificio VALUES('AAA777','Provincia4','Tipo2');
	INSERT INTO piano VALUES('AAA777',-1,'PPPP0000');
		INSERT INTO vano VALUES('AAAB2!01',-1,'AAA777',3.5,6,10,'Scopo-1');
        INSERT INTO vano VALUES('AAAB2!02',-1,'AAA777',3.5,3,10,'Scopo-2');
	INSERT INTO piano VALUES('AAA777',0,'PPPP6666');
		INSERT INTO vano VALUES('AAAB2001',0,'AAA777',2.8,3,7,'Scopo1');
        INSERT INTO vano VALUES('AAAB2002',0,'AAA777',2.8,4,6,'Scopo2');
        INSERT INTO vano VALUES('AAAB2003',0,'AAA777',2.8,3,4,'Scopo5');
        INSERT INTO vano VALUES('AAAB2004',0,'AAA777',2.8,5,4,'Scopo6');
			INSERT INTO finestra VALUES('AAAB2!01','A1','Tipo9','N');
            INSERT INTO porta VALUES('AAAB2!01','P05','AAAB2001','Tipo3',2,0.8,6,4);
			INSERT INTO finestra VALUES('AAAB2!02','A2','Tipo2','N');
			INSERT INTO finestra VALUES('AAAB2001','A3','Tipo2','S');
			INSERT INTO finestra VALUES('AAAB2002','A4','Tipo3','E');
            INSERT INTO finestra VALUES('AAAB2002','A5','Tipo3','O');
            INSERT INTO porta VALUES('AAAB2002','P03','AAAB2001','Tipo2',2.2,1,0,4);
            INSERT INTO porta VALUES('AAAB2002','P04','AAAB2004','Tipo2',2.2,1,4,4);
			INSERT INTO finestra VALUES('AAAB2003','A6','Tipo1','N');
            INSERT INTO finestra VALUES('AAAB2003','A7','Tipo1','S');
            INSERT INTO finestra VALUES('AAAB2003','A8','Tipo1','N');
            INSERT INTO porta VALUES('AAAB2003','P01',NULL,'Tipo0',2.4,1.2,0,2);
            INSERT INTO porta VALUES('AAAB2003','P02','AAAB2002','Tipo2',2.2,1,1.5,4);
			INSERT INTO finestra VALUES('AAAB2004','A9','Tipo2','S');

INSERT INTO Sensore VALUES('A1','AAAA1003',5,TRUE,'Terremoto');
INSERT INTO Sensore VALUES('A2','AAAA1001',60,FALSE,'Igrometro');
	INSERT INTO Dati VALUES('A2','AAAA1001',CURRENT_TIMESTAMP,24);
    INSERT INTO Dati VALUES('A2','AAAA1001',CURRENT_TIMESTAMP + INTERVAL 30 SECOND,25);
    INSERT INTO Dati VALUES('A2','AAAA1001',CURRENT_TIMESTAMP + INTERVAL 1 MINUTE,25);
    INSERT INTO Dati VALUES('A2','AAAA1001',CURRENT_TIMESTAMP + INTERVAL 1 MINUTE +INTERVAL 30 SECOND,24);
	INSERT INTO Dati VALUES('A2','AAAA1001',CURRENT_TIMESTAMP + INTERVAL 2 MINUTE,24);
    INSERT INTO Dati VALUES('A2','AAAA1001',CURRENT_TIMESTAMP + INTERVAL 2 MINUTE +INTERVAL 30 SECOND,24);
    INSERT INTO Dati VALUES('A2','AAAA1001',CURRENT_TIMESTAMP + INTERVAL 3 MINUTE,23);
    INSERT INTO Dati VALUES('A2','AAAA1001',CURRENT_TIMESTAMP + INTERVAL 3 MINUTE +INTERVAL 30 SECOND,23);
    INSERT INTO Dati VALUES('A2','AAAA1001',CURRENT_TIMESTAMP + INTERVAL 4 MINUTE,24);
    INSERT INTO Dati VALUES('A2','AAAA1001',CURRENT_TIMESTAMP + INTERVAL 4 MINUTE +INTERVAL 30 SECOND,25);
INSERT INTO Sensore VALUES('A3','AAAA1002',60,FALSE,'Igrometro');
	INSERT INTO Dati VALUES('A3','AAAA1002',CURRENT_TIMESTAMP,27);
    INSERT INTO Dati VALUES('A3','AAAA1002',CURRENT_TIMESTAMP + INTERVAL 30 SECOND,27);
    INSERT INTO Dati VALUES('A3','AAAA1002',CURRENT_TIMESTAMP + INTERVAL 1 MINUTE,27);
    INSERT INTO Dati VALUES('A3','AAAA1002',CURRENT_TIMESTAMP + INTERVAL 1 MINUTE +INTERVAL 30 SECOND,27);
	INSERT INTO Dati VALUES('A3','AAAA1002',CURRENT_TIMESTAMP + INTERVAL 2 MINUTE,27);
    INSERT INTO Dati VALUES('A3','AAAA1002',CURRENT_TIMESTAMP + INTERVAL 2 MINUTE +INTERVAL 30 SECOND,28);
    INSERT INTO Dati VALUES('A3','AAAA1002',CURRENT_TIMESTAMP + INTERVAL 3 MINUTE,28);
    INSERT INTO Dati VALUES('A3','AAAA1002',CURRENT_TIMESTAMP + INTERVAL 3 MINUTE +INTERVAL 30 SECOND,26);
    INSERT INTO Dati VALUES('A3','AAAA1002',CURRENT_TIMESTAMP + INTERVAL 4 MINUTE,25);
    INSERT INTO Dati VALUES('A3','AAAA1002',CURRENT_TIMESTAMP + INTERVAL 4 MINUTE +INTERVAL 30 SECOND,25);
INSERT INTO Sensore VALUES('A4','AAAA1001',45,FALSE,'Termostato');
	INSERT INTO Dati VALUES('A4','AAAA1001',CURRENT_TIMESTAMP,20.7);
    INSERT INTO Dati VALUES('A4','AAAA1001',CURRENT_TIMESTAMP + INTERVAL 30 SECOND,20.7);
    INSERT INTO Dati VALUES('A4','AAAA1001',CURRENT_TIMESTAMP + INTERVAL 1 MINUTE,20.6);
    INSERT INTO Dati VALUES('A4','AAAA1001',CURRENT_TIMESTAMP + INTERVAL 1 MINUTE +INTERVAL 30 SECOND,20.9);
	INSERT INTO Dati VALUES('A4','AAAA1001',CURRENT_TIMESTAMP + INTERVAL 2 MINUTE,21.1);
    INSERT INTO Dati VALUES('A4','AAAA1001',CURRENT_TIMESTAMP + INTERVAL 2 MINUTE +INTERVAL 30 SECOND,20.8);
    INSERT INTO Dati VALUES('A4','AAAA1001',CURRENT_TIMESTAMP + INTERVAL 3 MINUTE,21.2);
    INSERT INTO Dati VALUES('A4','AAAA1001',CURRENT_TIMESTAMP + INTERVAL 3 MINUTE +INTERVAL 30 SECOND,21.3);
    INSERT INTO Dati VALUES('A4','AAAA1001',CURRENT_TIMESTAMP + INTERVAL 4 MINUTE,21.4);
    INSERT INTO Dati VALUES('A4','AAAA1001',CURRENT_TIMESTAMP + INTERVAL 4 MINUTE +INTERVAL 30 SECOND,21.6);
INSERT INTO Sensore VALUES('A5','AAAA1002',45,FALSE,'Termostato');
	INSERT INTO Dati VALUES('A5','AAAA1002',CURRENT_TIMESTAMP,21.3);
    INSERT INTO Dati VALUES('A5','AAAA1002',CURRENT_TIMESTAMP + INTERVAL 30 SECOND,21.3);
    INSERT INTO Dati VALUES('A5','AAAA1002',CURRENT_TIMESTAMP + INTERVAL 1 MINUTE,21.5);
    INSERT INTO Dati VALUES('A5','AAAA1002',CURRENT_TIMESTAMP + INTERVAL 1 MINUTE +INTERVAL 30 SECOND,21.6);
	INSERT INTO Dati VALUES('A5','AAAA1002',CURRENT_TIMESTAMP + INTERVAL 2 MINUTE,21.4);
    INSERT INTO Dati VALUES('A5','AAAA1002',CURRENT_TIMESTAMP + INTERVAL 2 MINUTE +INTERVAL 30 SECOND,21.7);
    INSERT INTO Dati VALUES('A5','AAAA1002',CURRENT_TIMESTAMP + INTERVAL 3 MINUTE,21.8);
    INSERT INTO Dati VALUES('A5','AAAA1002',CURRENT_TIMESTAMP + INTERVAL 3 MINUTE +INTERVAL 30 SECOND,22.1);
    INSERT INTO Dati VALUES('A5','AAAA1002',CURRENT_TIMESTAMP + INTERVAL 4 MINUTE,22.3);
    INSERT INTO Dati VALUES('A5','AAAA1002',CURRENT_TIMESTAMP + INTERVAL 4 MINUTE +INTERVAL 30 SECOND,21.9);
INSERT INTO Sensore VALUES('A6','AAAA1003',0.00005,FALSE,'Accelerometro');
	INSERT INTO Dati VALUES('A6','AAAA1003',CURRENT_TIMESTAMP,0.0000000000000016);
    INSERT INTO Dati VALUES('A6','AAAA1003',CURRENT_TIMESTAMP + INTERVAL 30 SECOND,0.0000000000000016);
    INSERT INTO Dati VALUES('A6','AAAA1003',CURRENT_TIMESTAMP + INTERVAL 1 MINUTE,0.0000000000000016);
    INSERT INTO Dati VALUES('A6','AAAA1003',CURRENT_TIMESTAMP + INTERVAL 1 MINUTE +INTERVAL 30 SECOND,0.0000000000000016);
	INSERT INTO Dati VALUES('A6','AAAA1003',CURRENT_TIMESTAMP + INTERVAL 2 MINUTE,0.0000000000000016);
    INSERT INTO Dati VALUES('A6','AAAA1003',CURRENT_TIMESTAMP + INTERVAL 2 MINUTE +INTERVAL 30 SECOND,0.0000000000000016);
    INSERT INTO Dati VALUES('A6','AAAA1003',CURRENT_TIMESTAMP + INTERVAL 3 MINUTE,0.0000000000000016);
    INSERT INTO Dati VALUES('A6','AAAA1003',CURRENT_TIMESTAMP + INTERVAL 3 MINUTE +INTERVAL 30 SECOND,0.0000000000000016);
    INSERT INTO Dati VALUES('A6','AAAA1003',CURRENT_TIMESTAMP + INTERVAL 4 MINUTE,0.0000000000000016);
    INSERT INTO Dati VALUES('A6','AAAA1003',CURRENT_TIMESTAMP + INTERVAL 4 MINUTE +INTERVAL 30 SECOND,0.0000000000000016);
INSERT INTO Sensore VALUES('A7','AAAA1002',0.00005,FALSE,'Accelerometro');
	INSERT INTO Dati VALUES('A7','AAAA1002',CURRENT_TIMESTAMP,0.0000000000000016);
    INSERT INTO Dati VALUES('A7','AAAA1002',CURRENT_TIMESTAMP + INTERVAL 30 SECOND,0.0000000000000016);
    INSERT INTO Dati VALUES('A7','AAAA1002',CURRENT_TIMESTAMP + INTERVAL 1 MINUTE,0.0000000000000016);
    INSERT INTO Dati VALUES('A7','AAAA1002',CURRENT_TIMESTAMP + INTERVAL 1 MINUTE +INTERVAL 30 SECOND,0.0000000000000016);
	INSERT INTO Dati VALUES('A7','AAAA1002',CURRENT_TIMESTAMP + INTERVAL 2 MINUTE,0.0000000000000016);
    INSERT INTO Dati VALUES('A7','AAAA1002',CURRENT_TIMESTAMP + INTERVAL 2 MINUTE +INTERVAL 30 SECOND,0.0000000000000016);
    INSERT INTO Dati VALUES('A7','AAAA1002',CURRENT_TIMESTAMP + INTERVAL 3 MINUTE,0.0000000000000016);
    INSERT INTO Dati VALUES('A7','AAAA1002',CURRENT_TIMESTAMP + INTERVAL 3 MINUTE +INTERVAL 30 SECOND,0.0000000000000016);
    INSERT INTO Dati VALUES('A7','AAAA1002',CURRENT_TIMESTAMP + INTERVAL 4 MINUTE,0.0000000000000016);
    INSERT INTO Dati VALUES('A7','AAAA1002',CURRENT_TIMESTAMP + INTERVAL 4 MINUTE +INTERVAL 30 SECOND,0.0000000000000016);
INSERT INTO Sensore VALUES('A8','AAAA1003',0.00005,FALSE,'Velocimetro');
	INSERT INTO Dati VALUES('A8','AAAA1003',CURRENT_TIMESTAMP,0.0000000000001);
    INSERT INTO Dati VALUES('A8','AAAA1003',CURRENT_TIMESTAMP + INTERVAL 30 SECOND,0.0000000000001);
    INSERT INTO Dati VALUES('A8','AAAA1003',CURRENT_TIMESTAMP + INTERVAL 1 MINUTE,0.0000000000001);
    INSERT INTO Dati VALUES('A8','AAAA1003',CURRENT_TIMESTAMP + INTERVAL 1 MINUTE +INTERVAL 30 SECOND,0.0000000000001);
	INSERT INTO Dati VALUES('A8','AAAA1003',CURRENT_TIMESTAMP + INTERVAL 2 MINUTE,0.0000000000001);
    INSERT INTO Dati VALUES('A8','AAAA1003',CURRENT_TIMESTAMP + INTERVAL 2 MINUTE +INTERVAL 30 SECOND,0.0000000000001);
    INSERT INTO Dati VALUES('A8','AAAA1003',CURRENT_TIMESTAMP + INTERVAL 3 MINUTE,0.0000000000001);
    INSERT INTO Dati VALUES('A8','AAAA1003',CURRENT_TIMESTAMP + INTERVAL 3 MINUTE +INTERVAL 30 SECOND,0.0000000000001);
    INSERT INTO Dati VALUES('A8','AAAA1003',CURRENT_TIMESTAMP + INTERVAL 4 MINUTE,0.0000000000001);
    INSERT INTO Dati VALUES('A8','AAAA1003',CURRENT_TIMESTAMP + INTERVAL 4 MINUTE +INTERVAL 30 SECOND,0.0000000000001);
INSERT INTO Sensore VALUES('A9','AAAA1002',0.00005,FALSE,'Velocimetro');
	INSERT INTO Dati VALUES('A9','AAAA1002',CURRENT_TIMESTAMP,0.0000000000001);
    INSERT INTO Dati VALUES('A9','AAAA1002',CURRENT_TIMESTAMP + INTERVAL 30 SECOND,0.0000000000001);
    INSERT INTO Dati VALUES('A9','AAAA1002',CURRENT_TIMESTAMP + INTERVAL 1 MINUTE,0.0000000000001);
    INSERT INTO Dati VALUES('A9','AAAA1002',CURRENT_TIMESTAMP + INTERVAL 1 MINUTE +INTERVAL 30 SECOND,0.0000000000001);
	INSERT INTO Dati VALUES('A9','AAAA1002',CURRENT_TIMESTAMP + INTERVAL 2 MINUTE,0.0000000000001);
    INSERT INTO Dati VALUES('A9','AAAA1002',CURRENT_TIMESTAMP + INTERVAL 2 MINUTE +INTERVAL 30 SECOND,0.0000000000001);
    INSERT INTO Dati VALUES('A9','AAAA1002',CURRENT_TIMESTAMP + INTERVAL 3 MINUTE,0.0000000000001);
    INSERT INTO Dati VALUES('A9','AAAA1002',CURRENT_TIMESTAMP + INTERVAL 3 MINUTE +INTERVAL 30 SECOND,0.0000000000001);
    INSERT INTO Dati VALUES('A9','AAAA1002',CURRENT_TIMESTAMP + INTERVAL 4 MINUTE,0.0000000000001);
    INSERT INTO Dati VALUES('A9','AAAA1002',CURRENT_TIMESTAMP + INTERVAL 4 MINUTE +INTERVAL 30 SECOND,0.0000000000001);
INSERT INTO Sensore VALUES('B1','AAAA1001',40,FALSE,'Barometro');
	INSERT INTO Dati VALUES('B1','AAAA1001',CURRENT_TIMESTAMP,12);
    INSERT INTO Dati VALUES('B1','AAAA1001',CURRENT_TIMESTAMP + INTERVAL 30 SECOND,12);
    INSERT INTO Dati VALUES('B1','AAAA1001',CURRENT_TIMESTAMP + INTERVAL 1 MINUTE,13);
    INSERT INTO Dati VALUES('B1','AAAA1001',CURRENT_TIMESTAMP + INTERVAL 1 MINUTE +INTERVAL 30 SECOND,13);
	INSERT INTO Dati VALUES('B1','AAAA1001',CURRENT_TIMESTAMP + INTERVAL 2 MINUTE,13);
    INSERT INTO Dati VALUES('B1','AAAA1001',CURRENT_TIMESTAMP + INTERVAL 2 MINUTE +INTERVAL 30 SECOND,13);
    INSERT INTO Dati VALUES('B1','AAAA1001',CURRENT_TIMESTAMP + INTERVAL 3 MINUTE,14);
    INSERT INTO Dati VALUES('B1','AAAA1001',CURRENT_TIMESTAMP + INTERVAL 3 MINUTE +INTERVAL 30 SECOND,14);
    INSERT INTO Dati VALUES('B1','AAAA1001',CURRENT_TIMESTAMP + INTERVAL 4 MINUTE,13);
    INSERT INTO Dati VALUES('B1','AAAA1001',CURRENT_TIMESTAMP + INTERVAL 4 MINUTE +INTERVAL 30 SECOND,13);
INSERT INTO Sensore VALUES('B2','AAAA1002',40,FALSE,'Barometro');
	INSERT INTO Dati VALUES('B2','AAAA1002',CURRENT_TIMESTAMP,13);
    INSERT INTO Dati VALUES('B2','AAAA1002',CURRENT_TIMESTAMP + INTERVAL 30 SECOND,13);
    INSERT INTO Dati VALUES('B2','AAAA1002',CURRENT_TIMESTAMP + INTERVAL 1 MINUTE,13);
    INSERT INTO Dati VALUES('B2','AAAA1002',CURRENT_TIMESTAMP + INTERVAL 1 MINUTE +INTERVAL 30 SECOND,14);
	INSERT INTO Dati VALUES('B2','AAAA1002',CURRENT_TIMESTAMP + INTERVAL 2 MINUTE,14);
    INSERT INTO Dati VALUES('B2','AAAA1002',CURRENT_TIMESTAMP + INTERVAL 2 MINUTE +INTERVAL 30 SECOND,14);
    INSERT INTO Dati VALUES('B2','AAAA1002',CURRENT_TIMESTAMP + INTERVAL 3 MINUTE,14);
    INSERT INTO Dati VALUES('B2','AAAA1002',CURRENT_TIMESTAMP + INTERVAL 3 MINUTE +INTERVAL 30 SECOND,13);
    INSERT INTO Dati VALUES('B2','AAAA1002',CURRENT_TIMESTAMP + INTERVAL 4 MINUTE,13);
    INSERT INTO Dati VALUES('B2','AAAA1002',CURRENT_TIMESTAMP + INTERVAL 4 MINUTE +INTERVAL 30 SECOND,12);
INSERT INTO Sensore VALUES('B3','AAAA1003',40,FALSE,'Barometro');
	INSERT INTO Dati VALUES('B3','AAAA1003',CURRENT_TIMESTAMP,13);
    INSERT INTO Dati VALUES('B3','AAAA1003',CURRENT_TIMESTAMP + INTERVAL 30 SECOND,13);
    INSERT INTO Dati VALUES('B3','AAAA1003',CURRENT_TIMESTAMP + INTERVAL 1 MINUTE,13);
    INSERT INTO Dati VALUES('B3','AAAA1003',CURRENT_TIMESTAMP + INTERVAL 1 MINUTE +INTERVAL 30 SECOND,13);
	INSERT INTO Dati VALUES('B3','AAAA1003',CURRENT_TIMESTAMP + INTERVAL 2 MINUTE,12);
    INSERT INTO Dati VALUES('B3','AAAA1003',CURRENT_TIMESTAMP + INTERVAL 2 MINUTE +INTERVAL 30 SECOND,12);
    INSERT INTO Dati VALUES('B3','AAAA1003',CURRENT_TIMESTAMP + INTERVAL 3 MINUTE,12);
    INSERT INTO Dati VALUES('B3','AAAA1003',CURRENT_TIMESTAMP + INTERVAL 3 MINUTE +INTERVAL 30 SECOND,12);
    INSERT INTO Dati VALUES('B3','AAAA1003',CURRENT_TIMESTAMP + INTERVAL 4 MINUTE,12);
    INSERT INTO Dati VALUES('B3','AAAA1003',CURRENT_TIMESTAMP + INTERVAL 4 MINUTE +INTERVAL 30 SECOND,12);
INSERT INTO Sensore VALUES('B4','AAAA1102',60,FALSE,'Igrometro');
	INSERT INTO Dati VALUES('B4','AAAA1102',CURRENT_TIMESTAMP,25);
    INSERT INTO Dati VALUES('B4','AAAA1102',CURRENT_TIMESTAMP + INTERVAL 30 SECOND,26);
    INSERT INTO Dati VALUES('B4','AAAA1102',CURRENT_TIMESTAMP + INTERVAL 1 MINUTE,26);
    INSERT INTO Dati VALUES('B4','AAAA1102',CURRENT_TIMESTAMP + INTERVAL 1 MINUTE +INTERVAL 30 SECOND,26);
	INSERT INTO Dati VALUES('B4','AAAA1102',CURRENT_TIMESTAMP + INTERVAL 2 MINUTE,26);
    INSERT INTO Dati VALUES('B4','AAAA1102',CURRENT_TIMESTAMP + INTERVAL 2 MINUTE +INTERVAL 30 SECOND,26);
    INSERT INTO Dati VALUES('B4','AAAA1102',CURRENT_TIMESTAMP + INTERVAL 3 MINUTE,27);
    INSERT INTO Dati VALUES('B4','AAAA1102',CURRENT_TIMESTAMP + INTERVAL 3 MINUTE +INTERVAL 30 SECOND,27);
    INSERT INTO Dati VALUES('B4','AAAA1102',CURRENT_TIMESTAMP + INTERVAL 4 MINUTE,27);
    INSERT INTO Dati VALUES('B4','AAAA1102',CURRENT_TIMESTAMP + INTERVAL 4 MINUTE +INTERVAL 30 SECOND,26);
INSERT INTO Sensore VALUES('B5','AAAA1104',60,FALSE,'Igrometro');
	INSERT INTO Dati VALUES('B5','AAAA1104',CURRENT_TIMESTAMP,24);
    INSERT INTO Dati VALUES('B5','AAAA1104',CURRENT_TIMESTAMP + INTERVAL 30 SECOND,24);
    INSERT INTO Dati VALUES('B5','AAAA1104',CURRENT_TIMESTAMP + INTERVAL 1 MINUTE,25);
    INSERT INTO Dati VALUES('B5','AAAA1104',CURRENT_TIMESTAMP + INTERVAL 1 MINUTE +INTERVAL 30 SECOND,25);
	INSERT INTO Dati VALUES('B5','AAAA1104',CURRENT_TIMESTAMP + INTERVAL 2 MINUTE,25);
    INSERT INTO Dati VALUES('B5','AAAA1104',CURRENT_TIMESTAMP + INTERVAL 2 MINUTE +INTERVAL 30 SECOND,25);
    INSERT INTO Dati VALUES('B5','AAAA1104',CURRENT_TIMESTAMP + INTERVAL 3 MINUTE,25);
    INSERT INTO Dati VALUES('B5','AAAA1104',CURRENT_TIMESTAMP + INTERVAL 3 MINUTE +INTERVAL 30 SECOND,25);
    INSERT INTO Dati VALUES('B5','AAAA1104',CURRENT_TIMESTAMP + INTERVAL 4 MINUTE,26);
    INSERT INTO Dati VALUES('B5','AAAA1104',CURRENT_TIMESTAMP + INTERVAL 4 MINUTE +INTERVAL 30 SECOND,26);
INSERT INTO Sensore VALUES('B6','AAAA1102',45,FALSE,'Termostato');
	INSERT INTO Dati VALUES('B6','AAAA1102',CURRENT_TIMESTAMP,20.4);
    INSERT INTO Dati VALUES('B6','AAAA1102',CURRENT_TIMESTAMP + INTERVAL 30 SECOND,20.5);
    INSERT INTO Dati VALUES('B6','AAAA1102',CURRENT_TIMESTAMP + INTERVAL 1 MINUTE,20.5);
    INSERT INTO Dati VALUES('B6','AAAA1102',CURRENT_TIMESTAMP + INTERVAL 1 MINUTE +INTERVAL 30 SECOND,20.6);
	INSERT INTO Dati VALUES('B6','AAAA1102',CURRENT_TIMESTAMP + INTERVAL 2 MINUTE,20.5);
    INSERT INTO Dati VALUES('B6','AAAA1102',CURRENT_TIMESTAMP + INTERVAL 2 MINUTE +INTERVAL 30 SECOND,20.5);
    INSERT INTO Dati VALUES('B6','AAAA1102',CURRENT_TIMESTAMP + INTERVAL 3 MINUTE,20.4);
    INSERT INTO Dati VALUES('B6','AAAA1102',CURRENT_TIMESTAMP + INTERVAL 3 MINUTE +INTERVAL 30 SECOND,20.4);
    INSERT INTO Dati VALUES('B6','AAAA1102',CURRENT_TIMESTAMP + INTERVAL 4 MINUTE,20.4);
    INSERT INTO Dati VALUES('B6','AAAA1102',CURRENT_TIMESTAMP + INTERVAL 4 MINUTE +INTERVAL 30 SECOND,20.5);
INSERT INTO Sensore VALUES('B7','AAAA1104',45,FALSE,'Termostato');
	INSERT INTO Dati VALUES('B7','AAAA1104',CURRENT_TIMESTAMP,20.2);
    INSERT INTO Dati VALUES('B7','AAAA1104',CURRENT_TIMESTAMP + INTERVAL 30 SECOND,20.2);
    INSERT INTO Dati VALUES('B7','AAAA1104',CURRENT_TIMESTAMP + INTERVAL 1 MINUTE,20.2);
    INSERT INTO Dati VALUES('B7','AAAA1104',CURRENT_TIMESTAMP + INTERVAL 1 MINUTE +INTERVAL 30 SECOND,20.2);
	INSERT INTO Dati VALUES('B7','AAAA1104',CURRENT_TIMESTAMP + INTERVAL 2 MINUTE,20.3);
    INSERT INTO Dati VALUES('B7','AAAA1104',CURRENT_TIMESTAMP + INTERVAL 2 MINUTE +INTERVAL 30 SECOND,20.3);
    INSERT INTO Dati VALUES('B7','AAAA1104',CURRENT_TIMESTAMP + INTERVAL 3 MINUTE,20.3);
    INSERT INTO Dati VALUES('B7','AAAA1104',CURRENT_TIMESTAMP + INTERVAL 3 MINUTE +INTERVAL 30 SECOND,20.3);
    INSERT INTO Dati VALUES('B7','AAAA1104',CURRENT_TIMESTAMP + INTERVAL 4 MINUTE,20.4);
    INSERT INTO Dati VALUES('B7','AAAA1104',CURRENT_TIMESTAMP + INTERVAL 4 MINUTE +INTERVAL 30 SECOND,20.3);
INSERT INTO Sensore VALUES('B8','AAAA1101',40,FALSE,'Barometro');
	INSERT INTO Dati VALUES('B8','AAAA1101',CURRENT_TIMESTAMP,15);
    INSERT INTO Dati VALUES('B8','AAAA1101',CURRENT_TIMESTAMP + INTERVAL 30 SECOND,15);
    INSERT INTO Dati VALUES('B8','AAAA1101',CURRENT_TIMESTAMP + INTERVAL 1 MINUTE,15);
    INSERT INTO Dati VALUES('B8','AAAA1101',CURRENT_TIMESTAMP + INTERVAL 1 MINUTE +INTERVAL 30 SECOND,16);
	INSERT INTO Dati VALUES('B8','AAAA1101',CURRENT_TIMESTAMP + INTERVAL 2 MINUTE,16);
    INSERT INTO Dati VALUES('B8','AAAA1101',CURRENT_TIMESTAMP + INTERVAL 2 MINUTE +INTERVAL 30 SECOND,16);
    INSERT INTO Dati VALUES('B8','AAAA1101',CURRENT_TIMESTAMP + INTERVAL 3 MINUTE,16);
    INSERT INTO Dati VALUES('B8','AAAA1101',CURRENT_TIMESTAMP + INTERVAL 3 MINUTE +INTERVAL 30 SECOND,17);
    INSERT INTO Dati VALUES('B8','AAAA1101',CURRENT_TIMESTAMP + INTERVAL 4 MINUTE,17);
    INSERT INTO Dati VALUES('B8','AAAA1101',CURRENT_TIMESTAMP + INTERVAL 4 MINUTE +INTERVAL 30 SECOND,16);
INSERT INTO Sensore VALUES('B9','AAAA1102',40,FALSE,'Barometro');
	INSERT INTO Dati VALUES('B9','AAAA1102',CURRENT_TIMESTAMP,16);
    INSERT INTO Dati VALUES('B9','AAAA1102',CURRENT_TIMESTAMP + INTERVAL 30 SECOND,16);
    INSERT INTO Dati VALUES('B9','AAAA1102',CURRENT_TIMESTAMP + INTERVAL 1 MINUTE,16);
    INSERT INTO Dati VALUES('B9','AAAA1102',CURRENT_TIMESTAMP + INTERVAL 1 MINUTE +INTERVAL 30 SECOND,16);
	INSERT INTO Dati VALUES('B9','AAAA1102',CURRENT_TIMESTAMP + INTERVAL 2 MINUTE,17);
    INSERT INTO Dati VALUES('B9','AAAA1102',CURRENT_TIMESTAMP + INTERVAL 2 MINUTE +INTERVAL 30 SECOND,17);
    INSERT INTO Dati VALUES('B9','AAAA1102',CURRENT_TIMESTAMP + INTERVAL 3 MINUTE,17);
    INSERT INTO Dati VALUES('B9','AAAA1102',CURRENT_TIMESTAMP + INTERVAL 3 MINUTE +INTERVAL 30 SECOND,17);
    INSERT INTO Dati VALUES('B9','AAAA1102',CURRENT_TIMESTAMP + INTERVAL 4 MINUTE,18);
    INSERT INTO Dati VALUES('B9','AAAA1102',CURRENT_TIMESTAMP + INTERVAL 4 MINUTE +INTERVAL 30 SECOND,18);
INSERT INTO Sensore VALUES('C1','AAAA1103',40,FALSE,'Barometro');
	INSERT INTO Dati VALUES('C1','AAAA1103',CURRENT_TIMESTAMP,15);
    INSERT INTO Dati VALUES('C1','AAAA1103',CURRENT_TIMESTAMP + INTERVAL 30 SECOND,15);
    INSERT INTO Dati VALUES('C1','AAAA1103',CURRENT_TIMESTAMP + INTERVAL 1 MINUTE,15);
    INSERT INTO Dati VALUES('C1','AAAA1103',CURRENT_TIMESTAMP + INTERVAL 1 MINUTE +INTERVAL 30 SECOND,14);
	INSERT INTO Dati VALUES('C1','AAAA1103',CURRENT_TIMESTAMP + INTERVAL 2 MINUTE,14);
    INSERT INTO Dati VALUES('C1','AAAA1103',CURRENT_TIMESTAMP + INTERVAL 2 MINUTE +INTERVAL 30 SECOND,14);
    INSERT INTO Dati VALUES('C1','AAAA1103',CURRENT_TIMESTAMP + INTERVAL 3 MINUTE,14);
    INSERT INTO Dati VALUES('C1','AAAA1103',CURRENT_TIMESTAMP + INTERVAL 3 MINUTE +INTERVAL 30 SECOND,13);
    INSERT INTO Dati VALUES('C1','AAAA1103',CURRENT_TIMESTAMP + INTERVAL 4 MINUTE,13);
    INSERT INTO Dati VALUES('C1','AAAA1103',CURRENT_TIMESTAMP + INTERVAL 4 MINUTE +INTERVAL 30 SECOND,14);
INSERT INTO Sensore VALUES('C2','AAAA1104',40,FALSE,'Barometro');
	INSERT INTO Dati VALUES('C2','AAAA1104',CURRENT_TIMESTAMP,16);
    INSERT INTO Dati VALUES('C2','AAAA1104',CURRENT_TIMESTAMP + INTERVAL 30 SECOND,16);
    INSERT INTO Dati VALUES('C2','AAAA1104',CURRENT_TIMESTAMP + INTERVAL 1 MINUTE,16);
    INSERT INTO Dati VALUES('C2','AAAA1104',CURRENT_TIMESTAMP + INTERVAL 1 MINUTE +INTERVAL 30 SECOND,17);
	INSERT INTO Dati VALUES('C2','AAAA1104',CURRENT_TIMESTAMP + INTERVAL 2 MINUTE,17);
    INSERT INTO Dati VALUES('C2','AAAA1104',CURRENT_TIMESTAMP + INTERVAL 2 MINUTE +INTERVAL 30 SECOND,17);
    INSERT INTO Dati VALUES('C2','AAAA1104',CURRENT_TIMESTAMP + INTERVAL 3 MINUTE,17);
    INSERT INTO Dati VALUES('C2','AAAA1104',CURRENT_TIMESTAMP + INTERVAL 3 MINUTE +INTERVAL 30 SECOND,16);
    INSERT INTO Dati VALUES('C2','AAAA1104',CURRENT_TIMESTAMP + INTERVAL 4 MINUTE,16);
    INSERT INTO Dati VALUES('C2','AAAA1104',CURRENT_TIMESTAMP + INTERVAL 4 MINUTE +INTERVAL 30 SECOND,16);
INSERT INTO Sensore VALUES('C3','AAAA1102',5,FALSE,'Fessurimetro');
	INSERT INTO Dati VALUES('C3','AAAA1102',CURRENT_TIMESTAMP,0.03);
    INSERT INTO Dati VALUES('C3','AAAA1102',CURRENT_TIMESTAMP + INTERVAL 30 SECOND,0.03);
    INSERT INTO Dati VALUES('C3','AAAA1102',CURRENT_TIMESTAMP + INTERVAL 1 MINUTE,0.03);
    INSERT INTO Dati VALUES('C3','AAAA1102',CURRENT_TIMESTAMP + INTERVAL 1 MINUTE +INTERVAL 30 SECOND,0.03);
	INSERT INTO Dati VALUES('C3','AAAA1102',CURRENT_TIMESTAMP + INTERVAL 2 MINUTE,0.03);
    INSERT INTO Dati VALUES('C3','AAAA1102',CURRENT_TIMESTAMP + INTERVAL 2 MINUTE +INTERVAL 30 SECOND,0.03);
    INSERT INTO Dati VALUES('C3','AAAA1102',CURRENT_TIMESTAMP + INTERVAL 3 MINUTE,0.03);
    INSERT INTO Dati VALUES('C3','AAAA1102',CURRENT_TIMESTAMP + INTERVAL 3 MINUTE +INTERVAL 30 SECOND,0.03);
    INSERT INTO Dati VALUES('C3','AAAA1102',CURRENT_TIMESTAMP + INTERVAL 4 MINUTE,0.03);
    INSERT INTO Dati VALUES('C3','AAAA1102',CURRENT_TIMESTAMP + INTERVAL 4 MINUTE +INTERVAL 30 SECOND,0.03);

INSERT INTO Sensore VALUES('A1','AAAA2003',5,TRUE,'Terremoto');
INSERT INTO Sensore VALUES('A2','AAAA2!01',60,FALSE,'Igrometro');
	INSERT INTO Dati VALUES('A2','AAAA2!01',CURRENT_TIMESTAMP,27);
    INSERT INTO Dati VALUES('A2','AAAA2!01',CURRENT_TIMESTAMP + INTERVAL 30 SECOND,26);
    INSERT INTO Dati VALUES('A2','AAAA2!01',CURRENT_TIMESTAMP + INTERVAL 1 MINUTE,26);
    INSERT INTO Dati VALUES('A2','AAAA2!01',CURRENT_TIMESTAMP + INTERVAL 1 MINUTE +INTERVAL 30 SECOND,26);
	INSERT INTO Dati VALUES('A2','AAAA2!01',CURRENT_TIMESTAMP + INTERVAL 2 MINUTE,26);
    INSERT INTO Dati VALUES('A2','AAAA2!01',CURRENT_TIMESTAMP + INTERVAL 2 MINUTE +INTERVAL 30 SECOND,25);
    INSERT INTO Dati VALUES('A2','AAAA2!01',CURRENT_TIMESTAMP + INTERVAL 3 MINUTE,25);
    INSERT INTO Dati VALUES('A2','AAAA2!01',CURRENT_TIMESTAMP + INTERVAL 3 MINUTE +INTERVAL 30 SECOND,25);
    INSERT INTO Dati VALUES('A2','AAAA2!01',CURRENT_TIMESTAMP + INTERVAL 4 MINUTE,26);
    INSERT INTO Dati VALUES('A2','AAAA2!01',CURRENT_TIMESTAMP + INTERVAL 4 MINUTE +INTERVAL 30 SECOND,26);
INSERT INTO Sensore VALUES('A3','AAAA2!02',60,FALSE,'Igrometro');
	INSERT INTO Dati VALUES('A3','AAAA2!02',CURRENT_TIMESTAMP,26);
    INSERT INTO Dati VALUES('A3','AAAA2!02',CURRENT_TIMESTAMP + INTERVAL 30 SECOND,26);
    INSERT INTO Dati VALUES('A3','AAAA2!02',CURRENT_TIMESTAMP + INTERVAL 1 MINUTE,26);
    INSERT INTO Dati VALUES('A3','AAAA2!02',CURRENT_TIMESTAMP + INTERVAL 1 MINUTE +INTERVAL 30 SECOND,26);
	INSERT INTO Dati VALUES('A3','AAAA2!02',CURRENT_TIMESTAMP + INTERVAL 2 MINUTE,25);
    INSERT INTO Dati VALUES('A3','AAAA2!02',CURRENT_TIMESTAMP + INTERVAL 2 MINUTE +INTERVAL 30 SECOND,25);
    INSERT INTO Dati VALUES('A3','AAAA2!02',CURRENT_TIMESTAMP + INTERVAL 3 MINUTE,25);
    INSERT INTO Dati VALUES('A3','AAAA2!02',CURRENT_TIMESTAMP + INTERVAL 3 MINUTE +INTERVAL 30 SECOND,25);
    INSERT INTO Dati VALUES('A3','AAAA2!02',CURRENT_TIMESTAMP + INTERVAL 4 MINUTE,26);
    INSERT INTO Dati VALUES('A3','AAAA2!02',CURRENT_TIMESTAMP + INTERVAL 4 MINUTE +INTERVAL 30 SECOND,26);
INSERT INTO Sensore VALUES('A4','AAAA2!01',0.0005,FALSE,'Accelerometro');
	INSERT INTO Dati VALUES('A4','AAAA2!01',CURRENT_TIMESTAMP,0.0000000000000002);
    INSERT INTO Dati VALUES('A4','AAAA2!01',CURRENT_TIMESTAMP + INTERVAL 30 SECOND,0.0000000000000002);
    INSERT INTO Dati VALUES('A4','AAAA2!01',CURRENT_TIMESTAMP + INTERVAL 1 MINUTE,0.0000000000000002);
    INSERT INTO Dati VALUES('A4','AAAA2!01',CURRENT_TIMESTAMP + INTERVAL 1 MINUTE +INTERVAL 30 SECOND,0.0000000000000002);
	INSERT INTO Dati VALUES('A4','AAAA2!01',CURRENT_TIMESTAMP + INTERVAL 2 MINUTE,0.0000000000000002);
    INSERT INTO Dati VALUES('A4','AAAA2!01',CURRENT_TIMESTAMP + INTERVAL 2 MINUTE +INTERVAL 30 SECOND,0.0000000000000002);
    INSERT INTO Dati VALUES('A4','AAAA2!01',CURRENT_TIMESTAMP + INTERVAL 3 MINUTE,0.0000000000000002);
    INSERT INTO Dati VALUES('A4','AAAA2!01',CURRENT_TIMESTAMP + INTERVAL 3 MINUTE +INTERVAL 30 SECOND,0.0000000000000002);
    INSERT INTO Dati VALUES('A4','AAAA2!01',CURRENT_TIMESTAMP + INTERVAL 4 MINUTE,0.0000000000000002);
    INSERT INTO Dati VALUES('A4','AAAA2!01',CURRENT_TIMESTAMP + INTERVAL 4 MINUTE +INTERVAL 30 SECOND,0.0000000000000002);
INSERT INTO Sensore VALUES('A5','AAAA2!02',0.0005,FALSE,'Accelerometro');
	INSERT INTO Dati VALUES('A5','AAAA2!02',CURRENT_TIMESTAMP,0.0000000000000002);
    INSERT INTO Dati VALUES('A5','AAAA2!02',CURRENT_TIMESTAMP + INTERVAL 30 SECOND,0.0000000000000002);
    INSERT INTO Dati VALUES('A5','AAAA2!02',CURRENT_TIMESTAMP + INTERVAL 1 MINUTE,0.0000000000000002);
    INSERT INTO Dati VALUES('A5','AAAA2!02',CURRENT_TIMESTAMP + INTERVAL 1 MINUTE +INTERVAL 30 SECOND,0.0000000000000002);
	INSERT INTO Dati VALUES('A5','AAAA2!02',CURRENT_TIMESTAMP + INTERVAL 2 MINUTE,0.0000000000000002);
    INSERT INTO Dati VALUES('A5','AAAA2!02',CURRENT_TIMESTAMP + INTERVAL 2 MINUTE +INTERVAL 30 SECOND,0.0000000000000002);
    INSERT INTO Dati VALUES('A5','AAAA2!02',CURRENT_TIMESTAMP + INTERVAL 3 MINUTE,0.0000000000000002);
    INSERT INTO Dati VALUES('A5','AAAA2!02',CURRENT_TIMESTAMP + INTERVAL 3 MINUTE +INTERVAL 30 SECOND,0.0000000000000002);
    INSERT INTO Dati VALUES('A5','AAAA2!02',CURRENT_TIMESTAMP + INTERVAL 4 MINUTE,0.0000000000000002);
    INSERT INTO Dati VALUES('A5','AAAA2!02',CURRENT_TIMESTAMP + INTERVAL 4 MINUTE +INTERVAL 30 SECOND,0.0000000000000002);
INSERT INTO Sensore VALUES('A6','AAAA2!01',0.0005,FALSE,'Velocimetro');
	INSERT INTO Dati VALUES('A6','AAAA2!01',CURRENT_TIMESTAMP,0.000000000001);
    INSERT INTO Dati VALUES('A6','AAAA2!01',CURRENT_TIMESTAMP + INTERVAL 30 SECOND,0.000000000001);
    INSERT INTO Dati VALUES('A6','AAAA2!01',CURRENT_TIMESTAMP + INTERVAL 1 MINUTE,0.000000000001);
    INSERT INTO Dati VALUES('A6','AAAA2!01',CURRENT_TIMESTAMP + INTERVAL 1 MINUTE +INTERVAL 30 SECOND,0.000000000001);
	INSERT INTO Dati VALUES('A6','AAAA2!01',CURRENT_TIMESTAMP + INTERVAL 2 MINUTE,0.0000000000000012);
    INSERT INTO Dati VALUES('A6','AAAA2!01',CURRENT_TIMESTAMP + INTERVAL 2 MINUTE +INTERVAL 30 SECOND,0.000000000001);
    INSERT INTO Dati VALUES('A6','AAAA2!01',CURRENT_TIMESTAMP + INTERVAL 3 MINUTE,0.000000000001);
    INSERT INTO Dati VALUES('A6','AAAA2!01',CURRENT_TIMESTAMP + INTERVAL 3 MINUTE +INTERVAL 30 SECOND,0.000000000001);
    INSERT INTO Dati VALUES('A6','AAAA2!01',CURRENT_TIMESTAMP + INTERVAL 4 MINUTE,0.000000000001);
    INSERT INTO Dati VALUES('A6','AAAA2!01',CURRENT_TIMESTAMP + INTERVAL 4 MINUTE +INTERVAL 30 SECOND,0.000000000001);
INSERT INTO Sensore VALUES('A7','AAAA2!02',0.0005,FALSE,'Velocimetro');
	INSERT INTO Dati VALUES('A7','AAAA2!02',CURRENT_TIMESTAMP,0.000000000001);
    INSERT INTO Dati VALUES('A7','AAAA2!02',CURRENT_TIMESTAMP + INTERVAL 30 SECOND,0.000000000001);
    INSERT INTO Dati VALUES('A7','AAAA2!02',CURRENT_TIMESTAMP + INTERVAL 1 MINUTE,0.000000000001);
    INSERT INTO Dati VALUES('A7','AAAA2!02',CURRENT_TIMESTAMP + INTERVAL 1 MINUTE +INTERVAL 30 SECOND,0.000000000001);
	INSERT INTO Dati VALUES('A7','AAAA2!02',CURRENT_TIMESTAMP + INTERVAL 2 MINUTE,0.000000000001);
    INSERT INTO Dati VALUES('A7','AAAA2!02',CURRENT_TIMESTAMP + INTERVAL 2 MINUTE +INTERVAL 30 SECOND,0.000000000001);
    INSERT INTO Dati VALUES('A7','AAAA2!02',CURRENT_TIMESTAMP + INTERVAL 3 MINUTE,0.000000000001);
    INSERT INTO Dati VALUES('A7','AAAA2!02',CURRENT_TIMESTAMP + INTERVAL 3 MINUTE +INTERVAL 30 SECOND,0.000000000001);
    INSERT INTO Dati VALUES('A7','AAAA2!02',CURRENT_TIMESTAMP + INTERVAL 4 MINUTE,0.000000000001);
    INSERT INTO Dati VALUES('A7','AAAA2!02',CURRENT_TIMESTAMP + INTERVAL 4 MINUTE +INTERVAL 30 SECOND,0.000000000001);
INSERT INTO Sensore VALUES('A8','AAAA2002',60,FALSE,'Igrometro');
	INSERT INTO Dati VALUES('A8','AAAA2002',CURRENT_TIMESTAMP,19);
    INSERT INTO Dati VALUES('A8','AAAA2002',CURRENT_TIMESTAMP + INTERVAL 30 SECOND,19);
    INSERT INTO Dati VALUES('A8','AAAA2002',CURRENT_TIMESTAMP + INTERVAL 1 MINUTE,19);
    INSERT INTO Dati VALUES('A8','AAAA2002',CURRENT_TIMESTAMP + INTERVAL 1 MINUTE +INTERVAL 30 SECOND,19);
	INSERT INTO Dati VALUES('A8','AAAA2002',CURRENT_TIMESTAMP + INTERVAL 2 MINUTE,18);
    INSERT INTO Dati VALUES('A8','AAAA2002',CURRENT_TIMESTAMP + INTERVAL 2 MINUTE +INTERVAL 30 SECOND,18);
    INSERT INTO Dati VALUES('A8','AAAA2002',CURRENT_TIMESTAMP + INTERVAL 3 MINUTE,18);
    INSERT INTO Dati VALUES('A8','AAAA2002',CURRENT_TIMESTAMP + INTERVAL 3 MINUTE +INTERVAL 30 SECOND,18);
    INSERT INTO Dati VALUES('A8','AAAA2002',CURRENT_TIMESTAMP + INTERVAL 4 MINUTE,17);
    INSERT INTO Dati VALUES('A8','AAAA2002',CURRENT_TIMESTAMP + INTERVAL 4 MINUTE +INTERVAL 30 SECOND,17);
INSERT INTO Sensore VALUES('A9','AAAA2003',60,FALSE,'Igrometro');
	INSERT INTO Dati VALUES('A9','AAAA2003',CURRENT_TIMESTAMP,20);
    INSERT INTO Dati VALUES('A9','AAAA2003',CURRENT_TIMESTAMP + INTERVAL 30 SECOND,20);
    INSERT INTO Dati VALUES('A9','AAAA2003',CURRENT_TIMESTAMP + INTERVAL 1 MINUTE,20);
    INSERT INTO Dati VALUES('A9','AAAA2003',CURRENT_TIMESTAMP + INTERVAL 1 MINUTE +INTERVAL 30 SECOND,20);
	INSERT INTO Dati VALUES('A9','AAAA2003',CURRENT_TIMESTAMP + INTERVAL 2 MINUTE,20);
    INSERT INTO Dati VALUES('A9','AAAA2003',CURRENT_TIMESTAMP + INTERVAL 2 MINUTE +INTERVAL 30 SECOND,20);
    INSERT INTO Dati VALUES('A9','AAAA2003',CURRENT_TIMESTAMP + INTERVAL 3 MINUTE,20);
    INSERT INTO Dati VALUES('A9','AAAA2003',CURRENT_TIMESTAMP + INTERVAL 3 MINUTE +INTERVAL 30 SECOND,19);
    INSERT INTO Dati VALUES('A9','AAAA2003',CURRENT_TIMESTAMP + INTERVAL 4 MINUTE,19);
    INSERT INTO Dati VALUES('A9','AAAA2003',CURRENT_TIMESTAMP + INTERVAL 4 MINUTE +INTERVAL 30 SECOND,19);
INSERT INTO Sensore VALUES('B1','AAAA2002',45,FALSE,'Termostato');
	INSERT INTO Dati VALUES('B1','AAAA2002',CURRENT_TIMESTAMP,22.3);
    INSERT INTO Dati VALUES('B1','AAAA2002',CURRENT_TIMESTAMP + INTERVAL 30 SECOND,22.4);
    INSERT INTO Dati VALUES('B1','AAAA2002',CURRENT_TIMESTAMP + INTERVAL 1 MINUTE,22.4);
    INSERT INTO Dati VALUES('B1','AAAA2002',CURRENT_TIMESTAMP + INTERVAL 1 MINUTE +INTERVAL 30 SECOND,22.4);
	INSERT INTO Dati VALUES('B1','AAAA2002',CURRENT_TIMESTAMP + INTERVAL 2 MINUTE,22.5);
    INSERT INTO Dati VALUES('B1','AAAA2002',CURRENT_TIMESTAMP + INTERVAL 2 MINUTE +INTERVAL 30 SECOND,22.5);
    INSERT INTO Dati VALUES('B1','AAAA2002',CURRENT_TIMESTAMP + INTERVAL 3 MINUTE,22.4);
    INSERT INTO Dati VALUES('B1','AAAA2002',CURRENT_TIMESTAMP + INTERVAL 3 MINUTE +INTERVAL 30 SECOND,22.4);
    INSERT INTO Dati VALUES('B1','AAAA2002',CURRENT_TIMESTAMP + INTERVAL 4 MINUTE,22.4);
    INSERT INTO Dati VALUES('B1','AAAA2002',CURRENT_TIMESTAMP + INTERVAL 4 MINUTE +INTERVAL 30 SECOND,22.5);
INSERT INTO Sensore VALUES('B2','AAAA2003',45,FALSE,'Termostato');
	INSERT INTO Dati VALUES('B2','AAAA2003',CURRENT_TIMESTAMP,22.7);
    INSERT INTO Dati VALUES('B2','AAAA2003',CURRENT_TIMESTAMP + INTERVAL 30 SECOND,22.7);
    INSERT INTO Dati VALUES('B2','AAAA2003',CURRENT_TIMESTAMP + INTERVAL 1 MINUTE,22.7);
    INSERT INTO Dati VALUES('B2','AAAA2003',CURRENT_TIMESTAMP + INTERVAL 1 MINUTE +INTERVAL 30 SECOND,22.7);
	INSERT INTO Dati VALUES('B2','AAAA2003',CURRENT_TIMESTAMP + INTERVAL 2 MINUTE,22.6);
    INSERT INTO Dati VALUES('B2','AAAA2003',CURRENT_TIMESTAMP + INTERVAL 2 MINUTE +INTERVAL 30 SECOND,22.6);
    INSERT INTO Dati VALUES('B2','AAAA2003',CURRENT_TIMESTAMP + INTERVAL 3 MINUTE,22.6);
    INSERT INTO Dati VALUES('B2','AAAA2003',CURRENT_TIMESTAMP + INTERVAL 3 MINUTE +INTERVAL 30 SECOND,22.7);
    INSERT INTO Dati VALUES('B2','AAAA2003',CURRENT_TIMESTAMP + INTERVAL 4 MINUTE,22.7);
    INSERT INTO Dati VALUES('B2','AAAA2003',CURRENT_TIMESTAMP + INTERVAL 4 MINUTE +INTERVAL 30 SECOND,22.8);
INSERT INTO Sensore VALUES('B3','AAAA2001',40,FALSE,'Barometro');
	INSERT INTO Dati VALUES('B3','AAAA2001',CURRENT_TIMESTAMP,23);
    INSERT INTO Dati VALUES('B3','AAAA2001',CURRENT_TIMESTAMP + INTERVAL 30 SECOND,22);
    INSERT INTO Dati VALUES('B3','AAAA2001',CURRENT_TIMESTAMP + INTERVAL 1 MINUTE,22);
    INSERT INTO Dati VALUES('B3','AAAA2001',CURRENT_TIMESTAMP + INTERVAL 1 MINUTE +INTERVAL 30 SECOND,22);
	INSERT INTO Dati VALUES('B3','AAAA2001',CURRENT_TIMESTAMP + INTERVAL 2 MINUTE,22);
    INSERT INTO Dati VALUES('B3','AAAA2001',CURRENT_TIMESTAMP + INTERVAL 2 MINUTE +INTERVAL 30 SECOND,23);
    INSERT INTO Dati VALUES('B3','AAAA2001',CURRENT_TIMESTAMP + INTERVAL 3 MINUTE,23);
    INSERT INTO Dati VALUES('B3','AAAA2001',CURRENT_TIMESTAMP + INTERVAL 3 MINUTE +INTERVAL 30 SECOND,23);
    INSERT INTO Dati VALUES('B3','AAAA2001',CURRENT_TIMESTAMP + INTERVAL 4 MINUTE,23);
    INSERT INTO Dati VALUES('B3','AAAA2001',CURRENT_TIMESTAMP + INTERVAL 4 MINUTE +INTERVAL 30 SECOND,22);
INSERT INTO Sensore VALUES('B4','AAAA2002',40,FALSE,'Barometro');
	INSERT INTO Dati VALUES('B4','AAAA2002',CURRENT_TIMESTAMP,22);
    INSERT INTO Dati VALUES('B4','AAAA2002',CURRENT_TIMESTAMP + INTERVAL 30 SECOND,22);
    INSERT INTO Dati VALUES('B4','AAAA2002',CURRENT_TIMESTAMP + INTERVAL 1 MINUTE,22);
    INSERT INTO Dati VALUES('B4','AAAA2002',CURRENT_TIMESTAMP + INTERVAL 1 MINUTE +INTERVAL 30 SECOND,22);
	INSERT INTO Dati VALUES('B4','AAAA2002',CURRENT_TIMESTAMP + INTERVAL 2 MINUTE,21);
    INSERT INTO Dati VALUES('B4','AAAA2002',CURRENT_TIMESTAMP + INTERVAL 2 MINUTE +INTERVAL 30 SECOND,21);
    INSERT INTO Dati VALUES('B4','AAAA2002',CURRENT_TIMESTAMP + INTERVAL 3 MINUTE,21);
    INSERT INTO Dati VALUES('B4','AAAA2002',CURRENT_TIMESTAMP + INTERVAL 3 MINUTE +INTERVAL 30 SECOND,21);
    INSERT INTO Dati VALUES('B4','AAAA2002',CURRENT_TIMESTAMP + INTERVAL 4 MINUTE,22);
    INSERT INTO Dati VALUES('B4','AAAA2002',CURRENT_TIMESTAMP + INTERVAL 4 MINUTE +INTERVAL 30 SECOND,22);
INSERT INTO Sensore VALUES('B5','AAAA2003',40,FALSE,'Barometro');
	INSERT INTO Dati VALUES('B5','AAAA2003',CURRENT_TIMESTAMP,22);
    INSERT INTO Dati VALUES('B5','AAAA2003',CURRENT_TIMESTAMP + INTERVAL 30 SECOND,22);
    INSERT INTO Dati VALUES('B5','AAAA2003',CURRENT_TIMESTAMP + INTERVAL 1 MINUTE,21);
    INSERT INTO Dati VALUES('B5','AAAA2003',CURRENT_TIMESTAMP + INTERVAL 1 MINUTE +INTERVAL 30 SECOND,21);
	INSERT INTO Dati VALUES('B5','AAAA2003',CURRENT_TIMESTAMP + INTERVAL 2 MINUTE,21);
    INSERT INTO Dati VALUES('B5','AAAA2003',CURRENT_TIMESTAMP + INTERVAL 2 MINUTE +INTERVAL 30 SECOND,21);
    INSERT INTO Dati VALUES('B5','AAAA2003',CURRENT_TIMESTAMP + INTERVAL 3 MINUTE,21);
    INSERT INTO Dati VALUES('B5','AAAA2003',CURRENT_TIMESTAMP + INTERVAL 3 MINUTE +INTERVAL 30 SECOND,21);
    INSERT INTO Dati VALUES('B5','AAAA2003',CURRENT_TIMESTAMP + INTERVAL 4 MINUTE,21);
    INSERT INTO Dati VALUES('B5','AAAA2003',CURRENT_TIMESTAMP + INTERVAL 4 MINUTE +INTERVAL 30 SECOND,20);
INSERT INTO Sensore VALUES('B6','AAAA2004',40,FALSE,'Barometro');
	INSERT INTO Dati VALUES('B6','AAAA2004',CURRENT_TIMESTAMP,23);
    INSERT INTO Dati VALUES('B6','AAAA2004',CURRENT_TIMESTAMP + INTERVAL 30 SECOND,23);
    INSERT INTO Dati VALUES('B6','AAAA2004',CURRENT_TIMESTAMP + INTERVAL 1 MINUTE,23);
    INSERT INTO Dati VALUES('B6','AAAA2004',CURRENT_TIMESTAMP + INTERVAL 1 MINUTE +INTERVAL 30 SECOND,23);
	INSERT INTO Dati VALUES('B6','AAAA2004',CURRENT_TIMESTAMP + INTERVAL 2 MINUTE,22);
    INSERT INTO Dati VALUES('B6','AAAA2004',CURRENT_TIMESTAMP + INTERVAL 2 MINUTE +INTERVAL 30 SECOND,22);
    INSERT INTO Dati VALUES('B6','AAAA2004',CURRENT_TIMESTAMP + INTERVAL 3 MINUTE,22);
    INSERT INTO Dati VALUES('B6','AAAA2004',CURRENT_TIMESTAMP + INTERVAL 3 MINUTE +INTERVAL 30 SECOND,22);
    INSERT INTO Dati VALUES('B6','AAAA2004',CURRENT_TIMESTAMP + INTERVAL 4 MINUTE,22);
    INSERT INTO Dati VALUES('B6','AAAA2004',CURRENT_TIMESTAMP + INTERVAL 4 MINUTE +INTERVAL 30 SECOND,21);
INSERT INTO Sensore VALUES('B7','AAAA2002',0.00005,FALSE,'Accelerometro');
	INSERT INTO Dati VALUES('B7','AAAA2002',CURRENT_TIMESTAMP,0.00000000000000022);
    INSERT INTO Dati VALUES('B7','AAAA2002',CURRENT_TIMESTAMP + INTERVAL 30 SECOND,0.00000000000000022);
    INSERT INTO Dati VALUES('B7','AAAA2002',CURRENT_TIMESTAMP + INTERVAL 1 MINUTE,0.00000000000000022);
    INSERT INTO Dati VALUES('B7','AAAA2002',CURRENT_TIMESTAMP + INTERVAL 1 MINUTE +INTERVAL 30 SECOND,0.00000000000000022);
	INSERT INTO Dati VALUES('B7','AAAA2002',CURRENT_TIMESTAMP + INTERVAL 2 MINUTE,0.00000000000000022);
    INSERT INTO Dati VALUES('B7','AAAA2002',CURRENT_TIMESTAMP + INTERVAL 2 MINUTE +INTERVAL 30 SECOND,0.00000000000000022);
    INSERT INTO Dati VALUES('B7','AAAA2002',CURRENT_TIMESTAMP + INTERVAL 3 MINUTE,0.00000000000000022);
    INSERT INTO Dati VALUES('B7','AAAA2002',CURRENT_TIMESTAMP + INTERVAL 3 MINUTE +INTERVAL 30 SECOND,0.00000000000000022);
    INSERT INTO Dati VALUES('B7','AAAA2002',CURRENT_TIMESTAMP + INTERVAL 4 MINUTE,0.00000000000000022);
    INSERT INTO Dati VALUES('B7','AAAA2002',CURRENT_TIMESTAMP + INTERVAL 4 MINUTE +INTERVAL 30 SECOND,0.00000000000000022);
INSERT INTO Sensore VALUES('B8','AAAA2003',0.00005,FALSE,'Accelerometro');
	INSERT INTO Dati VALUES('B8','AAAA2003',CURRENT_TIMESTAMP,0.00000000000000022);
    INSERT INTO Dati VALUES('B8','AAAA2003',CURRENT_TIMESTAMP + INTERVAL 30 SECOND,0.00000000000000022);
    INSERT INTO Dati VALUES('B8','AAAA2003',CURRENT_TIMESTAMP + INTERVAL 1 MINUTE,0.00000000000000022);
    INSERT INTO Dati VALUES('B8','AAAA2003',CURRENT_TIMESTAMP + INTERVAL 1 MINUTE +INTERVAL 30 SECOND,0.00000000000000022);
	INSERT INTO Dati VALUES('B8','AAAA2003',CURRENT_TIMESTAMP + INTERVAL 2 MINUTE,0.00000000000000022);
    INSERT INTO Dati VALUES('B8','AAAA2003',CURRENT_TIMESTAMP + INTERVAL 2 MINUTE +INTERVAL 30 SECOND,0.00000000000000022);
    INSERT INTO Dati VALUES('B8','AAAA2003',CURRENT_TIMESTAMP + INTERVAL 3 MINUTE,0.00000000000000022);
    INSERT INTO Dati VALUES('B8','AAAA2003',CURRENT_TIMESTAMP + INTERVAL 3 MINUTE +INTERVAL 30 SECOND,0.00000000000000022);
    INSERT INTO Dati VALUES('B8','AAAA2003',CURRENT_TIMESTAMP + INTERVAL 4 MINUTE,0.00000000000000022);
    INSERT INTO Dati VALUES('B8','AAAA2003',CURRENT_TIMESTAMP + INTERVAL 4 MINUTE +INTERVAL 30 SECOND,0.00000000000000022);
INSERT INTO Sensore VALUES('B9','AAAA2002',0.0005,FALSE,'Velocimetro');
	INSERT INTO Dati VALUES('B9','AAAA2002',CURRENT_TIMESTAMP,0.0000000000001);
    INSERT INTO Dati VALUES('B9','AAAA2002',CURRENT_TIMESTAMP + INTERVAL 30 SECOND,0.0000000000001);
    INSERT INTO Dati VALUES('B9','AAAA2002',CURRENT_TIMESTAMP + INTERVAL 1 MINUTE,0.0000000000001);
    INSERT INTO Dati VALUES('B9','AAAA2002',CURRENT_TIMESTAMP + INTERVAL 1 MINUTE +INTERVAL 30 SECOND,0.0000000000001);
	INSERT INTO Dati VALUES('B9','AAAA2002',CURRENT_TIMESTAMP + INTERVAL 2 MINUTE,0.0000000000001);
    INSERT INTO Dati VALUES('B9','AAAA2002',CURRENT_TIMESTAMP + INTERVAL 2 MINUTE +INTERVAL 30 SECOND,0.0000000000001);
    INSERT INTO Dati VALUES('B9','AAAA2002',CURRENT_TIMESTAMP + INTERVAL 3 MINUTE,0.0000000000001);
    INSERT INTO Dati VALUES('B9','AAAA2002',CURRENT_TIMESTAMP + INTERVAL 3 MINUTE +INTERVAL 30 SECOND,0.0000000000001);
    INSERT INTO Dati VALUES('B9','AAAA2002',CURRENT_TIMESTAMP + INTERVAL 4 MINUTE,0.0000000000001);
    INSERT INTO Dati VALUES('B9','AAAA2002',CURRENT_TIMESTAMP + INTERVAL 4 MINUTE +INTERVAL 30 SECOND,0.0000000000001);
INSERT INTO Sensore VALUES('C1','AAAA2003',0.0005,FALSE,'Velocimetro');
	INSERT INTO Dati VALUES('C1','AAAA2003',CURRENT_TIMESTAMP,0.0000000000001);
    INSERT INTO Dati VALUES('C1','AAAA2003',CURRENT_TIMESTAMP + INTERVAL 30 SECOND,0.0000000000001);
    INSERT INTO Dati VALUES('C1','AAAA2003',CURRENT_TIMESTAMP + INTERVAL 1 MINUTE,0.0000000000001);
    INSERT INTO Dati VALUES('C1','AAAA2003',CURRENT_TIMESTAMP + INTERVAL 1 MINUTE +INTERVAL 30 SECOND,0.0000000000001);
	INSERT INTO Dati VALUES('C1','AAAA2003',CURRENT_TIMESTAMP + INTERVAL 2 MINUTE,0.0000000000001);
    INSERT INTO Dati VALUES('C1','AAAA2003',CURRENT_TIMESTAMP + INTERVAL 2 MINUTE +INTERVAL 30 SECOND,0.0000000000001);
    INSERT INTO Dati VALUES('C1','AAAA2003',CURRENT_TIMESTAMP + INTERVAL 3 MINUTE,0.0000000000001);
    INSERT INTO Dati VALUES('C1','AAAA2003',CURRENT_TIMESTAMP + INTERVAL 3 MINUTE +INTERVAL 30 SECOND,0.0000000000001);
    INSERT INTO Dati VALUES('C1','AAAA2003',CURRENT_TIMESTAMP + INTERVAL 4 MINUTE,0.0000000000001);
    INSERT INTO Dati VALUES('C1','AAAA2003',CURRENT_TIMESTAMP + INTERVAL 4 MINUTE +INTERVAL 30 SECOND,0.0000000000001);
INSERT INTO Sensore VALUES('C2','AAAA2003',5,FALSE,'Fessurimetro');
	INSERT INTO Dati VALUES('C2','AAAA2003',CURRENT_TIMESTAMP,0.021);
    INSERT INTO Dati VALUES('C2','AAAA2003',CURRENT_TIMESTAMP + INTERVAL 30 SECOND,0.021);
    INSERT INTO Dati VALUES('C2','AAAA2003',CURRENT_TIMESTAMP + INTERVAL 1 MINUTE,0.021);
    INSERT INTO Dati VALUES('C2','AAAA2003',CURRENT_TIMESTAMP + INTERVAL 1 MINUTE +INTERVAL 30 SECOND,0.021);
	INSERT INTO Dati VALUES('C2','AAAA2003',CURRENT_TIMESTAMP + INTERVAL 2 MINUTE,0.021);
    INSERT INTO Dati VALUES('C2','AAAA2003',CURRENT_TIMESTAMP + INTERVAL 2 MINUTE +INTERVAL 30 SECOND,0.021);
    INSERT INTO Dati VALUES('C2','AAAA2003',CURRENT_TIMESTAMP + INTERVAL 3 MINUTE,0.021);
    INSERT INTO Dati VALUES('C2','AAAA2003',CURRENT_TIMESTAMP + INTERVAL 3 MINUTE +INTERVAL 30 SECOND,0.021);
    INSERT INTO Dati VALUES('C2','AAAA2003',CURRENT_TIMESTAMP + INTERVAL 4 MINUTE,0.021);
    INSERT INTO Dati VALUES('C2','AAAA2003',CURRENT_TIMESTAMP + INTERVAL 4 MINUTE +INTERVAL 30 SECOND,0.021);
INSERT INTO Sensore VALUES('C3','AAAA2004',5,FALSE,'Fessurimetro');
	INSERT INTO Dati VALUES('C3','AAAA2004',CURRENT_TIMESTAMP,0.018);
    INSERT INTO Dati VALUES('C3','AAAA2004',CURRENT_TIMESTAMP + INTERVAL 30 SECOND,0.018);
    INSERT INTO Dati VALUES('C3','AAAA2004',CURRENT_TIMESTAMP + INTERVAL 1 MINUTE,0.018);
    INSERT INTO Dati VALUES('C3','AAAA2004',CURRENT_TIMESTAMP + INTERVAL 1 MINUTE +INTERVAL 30 SECOND,0.018);
	INSERT INTO Dati VALUES('C3','AAAA2004',CURRENT_TIMESTAMP + INTERVAL 2 MINUTE,0.018);
    INSERT INTO Dati VALUES('C3','AAAA2004',CURRENT_TIMESTAMP + INTERVAL 2 MINUTE +INTERVAL 30 SECOND,0.018);
    INSERT INTO Dati VALUES('C3','AAAA2004',CURRENT_TIMESTAMP + INTERVAL 3 MINUTE,0.018);
    INSERT INTO Dati VALUES('C3','AAAA2004',CURRENT_TIMESTAMP + INTERVAL 3 MINUTE +INTERVAL 30 SECOND,0.018);
    INSERT INTO Dati VALUES('C3','AAAA2004',CURRENT_TIMESTAMP + INTERVAL 4 MINUTE,0.018);
    INSERT INTO Dati VALUES('C3','AAAA2004',CURRENT_TIMESTAMP + INTERVAL 4 MINUTE +INTERVAL 30 SECOND,0.018);

INSERT INTO Sensore VALUES('A1','AAAA3002',5,TRUE,'Terremoto');
INSERT INTO Sensore VALUES('A2','AAAA3001',60,FALSE,'Igrometro');
	INSERT INTO Dati VALUES('A2','AAAA3001',CURRENT_TIMESTAMP,14);
    INSERT INTO Dati VALUES('A2','AAAA3001',CURRENT_TIMESTAMP + INTERVAL 30 SECOND,14);
    INSERT INTO Dati VALUES('A2','AAAA3001',CURRENT_TIMESTAMP + INTERVAL 1 MINUTE,14);
    INSERT INTO Dati VALUES('A2','AAAA3001',CURRENT_TIMESTAMP + INTERVAL 1 MINUTE +INTERVAL 30 SECOND,15);
	INSERT INTO Dati VALUES('A2','AAAA3001',CURRENT_TIMESTAMP + INTERVAL 2 MINUTE,15);
    INSERT INTO Dati VALUES('A2','AAAA3001',CURRENT_TIMESTAMP + INTERVAL 2 MINUTE +INTERVAL 30 SECOND,15);
    INSERT INTO Dati VALUES('A2','AAAA3001',CURRENT_TIMESTAMP + INTERVAL 3 MINUTE,15);
    INSERT INTO Dati VALUES('A2','AAAA3001',CURRENT_TIMESTAMP + INTERVAL 3 MINUTE +INTERVAL 30 SECOND,16);
    INSERT INTO Dati VALUES('A2','AAAA3001',CURRENT_TIMESTAMP + INTERVAL 4 MINUTE,16);
    INSERT INTO Dati VALUES('A2','AAAA3001',CURRENT_TIMESTAMP + INTERVAL 4 MINUTE +INTERVAL 30 SECOND,15);
INSERT INTO Sensore VALUES('A3','AAAA3004',60,FALSE,'Igrometro');
	INSERT INTO Dati VALUES('A3','AAAA3004',CURRENT_TIMESTAMP,13);
    INSERT INTO Dati VALUES('A3','AAAA3004',CURRENT_TIMESTAMP + INTERVAL 30 SECOND,13);
    INSERT INTO Dati VALUES('A3','AAAA3004',CURRENT_TIMESTAMP + INTERVAL 1 MINUTE,14);
    INSERT INTO Dati VALUES('A3','AAAA3004',CURRENT_TIMESTAMP + INTERVAL 1 MINUTE +INTERVAL 30 SECOND,14);
	INSERT INTO Dati VALUES('A3','AAAA3004',CURRENT_TIMESTAMP + INTERVAL 2 MINUTE,14);
    INSERT INTO Dati VALUES('A3','AAAA3004',CURRENT_TIMESTAMP + INTERVAL 2 MINUTE +INTERVAL 30 SECOND,14);
    INSERT INTO Dati VALUES('A3','AAAA3004',CURRENT_TIMESTAMP + INTERVAL 3 MINUTE,13);
    INSERT INTO Dati VALUES('A3','AAAA3004',CURRENT_TIMESTAMP + INTERVAL 3 MINUTE +INTERVAL 30 SECOND,13);
    INSERT INTO Dati VALUES('A3','AAAA3004',CURRENT_TIMESTAMP + INTERVAL 4 MINUTE,13);
    INSERT INTO Dati VALUES('A3','AAAA3004',CURRENT_TIMESTAMP + INTERVAL 4 MINUTE +INTERVAL 30 SECOND,14);
INSERT INTO Sensore VALUES('A4','AAAA3001',45,FALSE,'Termostato');
	INSERT INTO Dati VALUES('A4','AAAA3001',CURRENT_TIMESTAMP,23.1);
    INSERT INTO Dati VALUES('A4','AAAA3001',CURRENT_TIMESTAMP + INTERVAL 30 SECOND,23.1);
    INSERT INTO Dati VALUES('A4','AAAA3001',CURRENT_TIMESTAMP + INTERVAL 1 MINUTE,23.1);
    INSERT INTO Dati VALUES('A4','AAAA3001',CURRENT_TIMESTAMP + INTERVAL 1 MINUTE +INTERVAL 30 SECOND,23.1);
	INSERT INTO Dati VALUES('A4','AAAA3001',CURRENT_TIMESTAMP + INTERVAL 2 MINUTE,23.2);
    INSERT INTO Dati VALUES('A4','AAAA3001',CURRENT_TIMESTAMP + INTERVAL 2 MINUTE +INTERVAL 30 SECOND,23.2);
    INSERT INTO Dati VALUES('A4','AAAA3001',CURRENT_TIMESTAMP + INTERVAL 3 MINUTE,23.2);
    INSERT INTO Dati VALUES('A4','AAAA3001',CURRENT_TIMESTAMP + INTERVAL 3 MINUTE +INTERVAL 30 SECOND,23.2);
    INSERT INTO Dati VALUES('A4','AAAA3001',CURRENT_TIMESTAMP + INTERVAL 4 MINUTE,23.3);
    INSERT INTO Dati VALUES('A4','AAAA3001',CURRENT_TIMESTAMP + INTERVAL 4 MINUTE +INTERVAL 30 SECOND,23.3);
INSERT INTO Sensore VALUES('A5','AAAA3004',45,FALSE,'Termostato');
	INSERT INTO Dati VALUES('A5','AAAA3004',CURRENT_TIMESTAMP,23.4);
    INSERT INTO Dati VALUES('A5','AAAA3004',CURRENT_TIMESTAMP + INTERVAL 30 SECOND,23.4);
    INSERT INTO Dati VALUES('A5','AAAA3004',CURRENT_TIMESTAMP + INTERVAL 1 MINUTE,23.3);
    INSERT INTO Dati VALUES('A5','AAAA3004',CURRENT_TIMESTAMP + INTERVAL 1 MINUTE +INTERVAL 30 SECOND,23.3);
	INSERT INTO Dati VALUES('A5','AAAA3004',CURRENT_TIMESTAMP + INTERVAL 2 MINUTE,23.3);
    INSERT INTO Dati VALUES('A5','AAAA3004',CURRENT_TIMESTAMP + INTERVAL 2 MINUTE +INTERVAL 30 SECOND,23.3);
    INSERT INTO Dati VALUES('A5','AAAA3004',CURRENT_TIMESTAMP + INTERVAL 3 MINUTE,23.3);
    INSERT INTO Dati VALUES('A5','AAAA3004',CURRENT_TIMESTAMP + INTERVAL 3 MINUTE +INTERVAL 30 SECOND,23.2);
    INSERT INTO Dati VALUES('A5','AAAA3004',CURRENT_TIMESTAMP + INTERVAL 4 MINUTE,23.2);
    INSERT INTO Dati VALUES('A5','AAAA3004',CURRENT_TIMESTAMP + INTERVAL 4 MINUTE +INTERVAL 30 SECOND,23.2);
INSERT INTO Sensore VALUES('A6','AAAA3002',0.00005,FALSE,'Accelerometro');
	INSERT INTO Dati VALUES('A6','AAAA3002',CURRENT_TIMESTAMP,0.000000000000000011);
    INSERT INTO Dati VALUES('A6','AAAA3002',CURRENT_TIMESTAMP + INTERVAL 30 SECOND,0.000000000000000011);
    INSERT INTO Dati VALUES('A6','AAAA3002',CURRENT_TIMESTAMP + INTERVAL 1 MINUTE,0.000000000000000011);
    INSERT INTO Dati VALUES('A6','AAAA3002',CURRENT_TIMESTAMP + INTERVAL 1 MINUTE +INTERVAL 30 SECOND,0.000000000000000011);
	INSERT INTO Dati VALUES('A6','AAAA3002',CURRENT_TIMESTAMP + INTERVAL 2 MINUTE,0.000000000000000011);
    INSERT INTO Dati VALUES('A6','AAAA3002',CURRENT_TIMESTAMP + INTERVAL 2 MINUTE +INTERVAL 30 SECOND,0.000000000000000011);
    INSERT INTO Dati VALUES('A6','AAAA3002',CURRENT_TIMESTAMP + INTERVAL 3 MINUTE,0.000000000000000011);
    INSERT INTO Dati VALUES('A6','AAAA3002',CURRENT_TIMESTAMP + INTERVAL 3 MINUTE +INTERVAL 30 SECOND,0.000000000000000011);
    INSERT INTO Dati VALUES('A6','AAAA3002',CURRENT_TIMESTAMP + INTERVAL 4 MINUTE,0.000000000000000011);
    INSERT INTO Dati VALUES('A6','AAAA3002',CURRENT_TIMESTAMP + INTERVAL 4 MINUTE +INTERVAL 30 SECOND,0.000000000000000011);
INSERT INTO Sensore VALUES('A7','AAAA3004',0.00005,FALSE,'Accelerometro');
	INSERT INTO Dati VALUES('A7','AAAA3004',CURRENT_TIMESTAMP,0.000000000000000011);
    INSERT INTO Dati VALUES('A7','AAAA3004',CURRENT_TIMESTAMP + INTERVAL 30 SECOND,0.000000000000000011);
    INSERT INTO Dati VALUES('A7','AAAA3004',CURRENT_TIMESTAMP + INTERVAL 1 MINUTE,0.000000000000000011);
    INSERT INTO Dati VALUES('A7','AAAA3004',CURRENT_TIMESTAMP + INTERVAL 1 MINUTE +INTERVAL 30 SECOND,0.000000000000000011);
	INSERT INTO Dati VALUES('A7','AAAA3004',CURRENT_TIMESTAMP + INTERVAL 2 MINUTE,0.000000000000000011);
    INSERT INTO Dati VALUES('A7','AAAA3004',CURRENT_TIMESTAMP + INTERVAL 2 MINUTE +INTERVAL 30 SECOND,0.000000000000000011);
    INSERT INTO Dati VALUES('A7','AAAA3004',CURRENT_TIMESTAMP + INTERVAL 3 MINUTE,0.000000000000000011);
    INSERT INTO Dati VALUES('A7','AAAA3004',CURRENT_TIMESTAMP + INTERVAL 3 MINUTE +INTERVAL 30 SECOND,0.000000000000000011);
    INSERT INTO Dati VALUES('A7','AAAA3004',CURRENT_TIMESTAMP + INTERVAL 4 MINUTE,0.000000000000000011);
    INSERT INTO Dati VALUES('A7','AAAA3004',CURRENT_TIMESTAMP + INTERVAL 4 MINUTE +INTERVAL 30 SECOND,0.000000000000000011);
INSERT INTO Sensore VALUES('A8','AAAA3002',0.00005,FALSE,'Velocimetro');
	INSERT INTO Dati VALUES('A8','AAAA3002',CURRENT_TIMESTAMP,0.00000000000007);
    INSERT INTO Dati VALUES('A8','AAAA3002',CURRENT_TIMESTAMP + INTERVAL 30 SECOND,0.00000000000007);
    INSERT INTO Dati VALUES('A8','AAAA3002',CURRENT_TIMESTAMP + INTERVAL 1 MINUTE,0.00000000000007);
    INSERT INTO Dati VALUES('A8','AAAA3002',CURRENT_TIMESTAMP + INTERVAL 1 MINUTE +INTERVAL 30 SECOND,0.00000000000007);
	INSERT INTO Dati VALUES('A8','AAAA3002',CURRENT_TIMESTAMP + INTERVAL 2 MINUTE,0.00000000000007);
    INSERT INTO Dati VALUES('A8','AAAA3002',CURRENT_TIMESTAMP + INTERVAL 2 MINUTE +INTERVAL 30 SECOND,0.00000000000007);
    INSERT INTO Dati VALUES('A8','AAAA3002',CURRENT_TIMESTAMP + INTERVAL 3 MINUTE,0.00000000000007);
    INSERT INTO Dati VALUES('A8','AAAA3002',CURRENT_TIMESTAMP + INTERVAL 3 MINUTE +INTERVAL 30 SECOND,0.00000000000007);
    INSERT INTO Dati VALUES('A8','AAAA3002',CURRENT_TIMESTAMP + INTERVAL 4 MINUTE,0.00000000000007);
    INSERT INTO Dati VALUES('A8','AAAA3002',CURRENT_TIMESTAMP + INTERVAL 4 MINUTE +INTERVAL 30 SECOND,0.00000000000007);
INSERT INTO Sensore VALUES('A9','AAAA3004',0.00005,FALSE,'Velocimetro');
	INSERT INTO Dati VALUES('A9','AAAA3004',CURRENT_TIMESTAMP,0.00000000000007);
    INSERT INTO Dati VALUES('A9','AAAA3004',CURRENT_TIMESTAMP + INTERVAL 30 SECOND,0.00000000000007);
    INSERT INTO Dati VALUES('A9','AAAA3004',CURRENT_TIMESTAMP + INTERVAL 1 MINUTE,0.00000000000007);
    INSERT INTO Dati VALUES('A9','AAAA3004',CURRENT_TIMESTAMP + INTERVAL 1 MINUTE +INTERVAL 30 SECOND,0.00000000000007);
	INSERT INTO Dati VALUES('A9','AAAA3004',CURRENT_TIMESTAMP + INTERVAL 2 MINUTE,0.00000000000007);
    INSERT INTO Dati VALUES('A9','AAAA3004',CURRENT_TIMESTAMP + INTERVAL 2 MINUTE +INTERVAL 30 SECOND,0.00000000000007);
    INSERT INTO Dati VALUES('A9','AAAA3004',CURRENT_TIMESTAMP + INTERVAL 3 MINUTE,0.00000000000007);
    INSERT INTO Dati VALUES('A9','AAAA3004',CURRENT_TIMESTAMP + INTERVAL 3 MINUTE +INTERVAL 30 SECOND,0.00000000000007);
    INSERT INTO Dati VALUES('A9','AAAA3004',CURRENT_TIMESTAMP + INTERVAL 4 MINUTE,0.00000000000007);
    INSERT INTO Dati VALUES('A9','AAAA3004',CURRENT_TIMESTAMP + INTERVAL 4 MINUTE +INTERVAL 30 SECOND,0.00000000000007);
INSERT INTO Sensore VALUES('B1','AAAA3001',40,FALSE,'Barometro');
	INSERT INTO Dati VALUES('B1','AAAA3001',CURRENT_TIMESTAMP,17);
    INSERT INTO Dati VALUES('B1','AAAA3001',CURRENT_TIMESTAMP + INTERVAL 30 SECOND,17);
    INSERT INTO Dati VALUES('B1','AAAA3001',CURRENT_TIMESTAMP + INTERVAL 1 MINUTE,17);
    INSERT INTO Dati VALUES('B1','AAAA3001',CURRENT_TIMESTAMP + INTERVAL 1 MINUTE +INTERVAL 30 SECOND,18);
	INSERT INTO Dati VALUES('B1','AAAA3001',CURRENT_TIMESTAMP + INTERVAL 2 MINUTE,18);
    INSERT INTO Dati VALUES('B1','AAAA3001',CURRENT_TIMESTAMP + INTERVAL 2 MINUTE +INTERVAL 30 SECOND,18);
    INSERT INTO Dati VALUES('B1','AAAA3001',CURRENT_TIMESTAMP + INTERVAL 3 MINUTE,18);
    INSERT INTO Dati VALUES('B1','AAAA3001',CURRENT_TIMESTAMP + INTERVAL 3 MINUTE +INTERVAL 30 SECOND,19);
    INSERT INTO Dati VALUES('B1','AAAA3001',CURRENT_TIMESTAMP + INTERVAL 4 MINUTE,19);
    INSERT INTO Dati VALUES('B1','AAAA3001',CURRENT_TIMESTAMP + INTERVAL 4 MINUTE +INTERVAL 30 SECOND,18);
INSERT INTO Sensore VALUES('B2','AAAA3002',40,FALSE,'Barometro');
	INSERT INTO Dati VALUES('B2','AAAA3002',CURRENT_TIMESTAMP,16);
    INSERT INTO Dati VALUES('B2','AAAA3002',CURRENT_TIMESTAMP + INTERVAL 30 SECOND,16);
    INSERT INTO Dati VALUES('B2','AAAA3002',CURRENT_TIMESTAMP + INTERVAL 1 MINUTE,16);
    INSERT INTO Dati VALUES('B2','AAAA3002',CURRENT_TIMESTAMP + INTERVAL 1 MINUTE +INTERVAL 30 SECOND,16);
	INSERT INTO Dati VALUES('B2','AAAA3002',CURRENT_TIMESTAMP + INTERVAL 2 MINUTE,16);
    INSERT INTO Dati VALUES('B2','AAAA3002',CURRENT_TIMESTAMP + INTERVAL 2 MINUTE +INTERVAL 30 SECOND,17);
    INSERT INTO Dati VALUES('B2','AAAA3002',CURRENT_TIMESTAMP + INTERVAL 3 MINUTE,17);
    INSERT INTO Dati VALUES('B2','AAAA3002',CURRENT_TIMESTAMP + INTERVAL 3 MINUTE +INTERVAL 30 SECOND,17);
    INSERT INTO Dati VALUES('B2','AAAA3002',CURRENT_TIMESTAMP + INTERVAL 4 MINUTE,16);
    INSERT INTO Dati VALUES('B2','AAAA3002',CURRENT_TIMESTAMP + INTERVAL 4 MINUTE +INTERVAL 30 SECOND,16);
INSERT INTO Sensore VALUES('B3','AAAA3003',40,FALSE,'Barometro');
	INSERT INTO Dati VALUES('B3','AAAA3003',CURRENT_TIMESTAMP,18);
    INSERT INTO Dati VALUES('B3','AAAA3003',CURRENT_TIMESTAMP + INTERVAL 30 SECOND,18);
    INSERT INTO Dati VALUES('B3','AAAA3003',CURRENT_TIMESTAMP + INTERVAL 1 MINUTE,18);
    INSERT INTO Dati VALUES('B3','AAAA3003',CURRENT_TIMESTAMP + INTERVAL 1 MINUTE +INTERVAL 30 SECOND,18);
	INSERT INTO Dati VALUES('B3','AAAA3003',CURRENT_TIMESTAMP + INTERVAL 2 MINUTE,18);
    INSERT INTO Dati VALUES('B3','AAAA3003',CURRENT_TIMESTAMP + INTERVAL 2 MINUTE +INTERVAL 30 SECOND,18);
    INSERT INTO Dati VALUES('B3','AAAA3003',CURRENT_TIMESTAMP + INTERVAL 3 MINUTE,17);
    INSERT INTO Dati VALUES('B3','AAAA3003',CURRENT_TIMESTAMP + INTERVAL 3 MINUTE +INTERVAL 30 SECOND,17);
    INSERT INTO Dati VALUES('B3','AAAA3003',CURRENT_TIMESTAMP + INTERVAL 4 MINUTE,17);
    INSERT INTO Dati VALUES('B3','AAAA3003',CURRENT_TIMESTAMP + INTERVAL 4 MINUTE +INTERVAL 30 SECOND,17);
INSERT INTO Sensore VALUES('B4','AAAA3004',40,FALSE,'Barometro');
	INSERT INTO Dati VALUES('B4','AAAA3004',CURRENT_TIMESTAMP,16);
    INSERT INTO Dati VALUES('B4','AAAA3004',CURRENT_TIMESTAMP + INTERVAL 30 SECOND,16);
    INSERT INTO Dati VALUES('B4','AAAA3004',CURRENT_TIMESTAMP + INTERVAL 1 MINUTE,16);
    INSERT INTO Dati VALUES('B4','AAAA3004',CURRENT_TIMESTAMP + INTERVAL 1 MINUTE +INTERVAL 30 SECOND,15);
	INSERT INTO Dati VALUES('B4','AAAA3004',CURRENT_TIMESTAMP + INTERVAL 2 MINUTE,15);
    INSERT INTO Dati VALUES('B4','AAAA3004',CURRENT_TIMESTAMP + INTERVAL 2 MINUTE +INTERVAL 30 SECOND,15);
    INSERT INTO Dati VALUES('B4','AAAA3004',CURRENT_TIMESTAMP + INTERVAL 3 MINUTE,15);
    INSERT INTO Dati VALUES('B4','AAAA3004',CURRENT_TIMESTAMP + INTERVAL 3 MINUTE +INTERVAL 30 SECOND,15);
    INSERT INTO Dati VALUES('B4','AAAA3004',CURRENT_TIMESTAMP + INTERVAL 4 MINUTE,15);
    INSERT INTO Dati VALUES('B4','AAAA3004',CURRENT_TIMESTAMP + INTERVAL 4 MINUTE +INTERVAL 30 SECOND,14);

INSERT INTO Sensore VALUES('A1','AAAA6003',5,TRUE,'Terremoto');
INSERT INTO Sensore VALUES('A2','AAAA6001',60,FALSE,'Igrometro');
	INSERT INTO Dati VALUES('A2','AAAA6001',CURRENT_TIMESTAMP,11);
    INSERT INTO Dati VALUES('A2','AAAA6001',CURRENT_TIMESTAMP + INTERVAL 30 SECOND,11);
    INSERT INTO Dati VALUES('A2','AAAA6001',CURRENT_TIMESTAMP + INTERVAL 1 MINUTE,11);
    INSERT INTO Dati VALUES('A2','AAAA6001',CURRENT_TIMESTAMP + INTERVAL 1 MINUTE +INTERVAL 30 SECOND,11);
	INSERT INTO Dati VALUES('A2','AAAA6001',CURRENT_TIMESTAMP + INTERVAL 2 MINUTE,12);
    INSERT INTO Dati VALUES('A2','AAAA6001',CURRENT_TIMESTAMP + INTERVAL 2 MINUTE +INTERVAL 30 SECOND,12);
    INSERT INTO Dati VALUES('A2','AAAA6001',CURRENT_TIMESTAMP + INTERVAL 3 MINUTE,12);
    INSERT INTO Dati VALUES('A2','AAAA6001',CURRENT_TIMESTAMP + INTERVAL 3 MINUTE +INTERVAL 30 SECOND,13);
    INSERT INTO Dati VALUES('A2','AAAA6001',CURRENT_TIMESTAMP + INTERVAL 4 MINUTE,13);
    INSERT INTO Dati VALUES('A2','AAAA6001',CURRENT_TIMESTAMP + INTERVAL 4 MINUTE +INTERVAL 30 SECOND,12);
INSERT INTO Sensore VALUES('A3','AAAA6002',60,FALSE,'Igrometro');
	INSERT INTO Dati VALUES('A3','AAAA6002',CURRENT_TIMESTAMP,10);
    INSERT INTO Dati VALUES('A3','AAAA6002',CURRENT_TIMESTAMP + INTERVAL 30 SECOND,10);
    INSERT INTO Dati VALUES('A3','AAAA6002',CURRENT_TIMESTAMP + INTERVAL 1 MINUTE,10);
    INSERT INTO Dati VALUES('A3','AAAA6002',CURRENT_TIMESTAMP + INTERVAL 1 MINUTE +INTERVAL 30 SECOND,11);
	INSERT INTO Dati VALUES('A3','AAAA6002',CURRENT_TIMESTAMP + INTERVAL 2 MINUTE,11);
    INSERT INTO Dati VALUES('A3','AAAA6002',CURRENT_TIMESTAMP + INTERVAL 2 MINUTE +INTERVAL 30 SECOND,12);
    INSERT INTO Dati VALUES('A3','AAAA6002',CURRENT_TIMESTAMP + INTERVAL 3 MINUTE,12);
    INSERT INTO Dati VALUES('A3','AAAA6002',CURRENT_TIMESTAMP + INTERVAL 3 MINUTE +INTERVAL 30 SECOND,12);
    INSERT INTO Dati VALUES('A3','AAAA6002',CURRENT_TIMESTAMP + INTERVAL 4 MINUTE,11);
    INSERT INTO Dati VALUES('A3','AAAA6002',CURRENT_TIMESTAMP + INTERVAL 4 MINUTE +INTERVAL 30 SECOND,11);
INSERT INTO Sensore VALUES('A4','AAAA6001',45,FALSE,'Termostato');
	INSERT INTO Dati VALUES('A4','AAAA6001',CURRENT_TIMESTAMP,23.4);
    INSERT INTO Dati VALUES('A4','AAAA6001',CURRENT_TIMESTAMP + INTERVAL 30 SECOND,23.4);
    INSERT INTO Dati VALUES('A4','AAAA6001',CURRENT_TIMESTAMP + INTERVAL 1 MINUTE,23.4);
    INSERT INTO Dati VALUES('A4','AAAA6001',CURRENT_TIMESTAMP + INTERVAL 1 MINUTE +INTERVAL 30 SECOND,23.3);
	INSERT INTO Dati VALUES('A4','AAAA6001',CURRENT_TIMESTAMP + INTERVAL 2 MINUTE,23.3);
    INSERT INTO Dati VALUES('A4','AAAA6001',CURRENT_TIMESTAMP + INTERVAL 2 MINUTE +INTERVAL 30 SECOND,23.2);
    INSERT INTO Dati VALUES('A4','AAAA6001',CURRENT_TIMESTAMP + INTERVAL 3 MINUTE,23.2);
    INSERT INTO Dati VALUES('A4','AAAA6001',CURRENT_TIMESTAMP + INTERVAL 3 MINUTE +INTERVAL 30 SECOND,23.2);
    INSERT INTO Dati VALUES('A4','AAAA6001',CURRENT_TIMESTAMP + INTERVAL 4 MINUTE,23.3);
    INSERT INTO Dati VALUES('A4','AAAA6001',CURRENT_TIMESTAMP + INTERVAL 4 MINUTE +INTERVAL 30 SECOND,23.3);
INSERT INTO Sensore VALUES('A5','AAAA6002',45,FALSE,'Termostato');
	INSERT INTO Dati VALUES('A5','AAAA6002',CURRENT_TIMESTAMP,23.5);
    INSERT INTO Dati VALUES('A5','AAAA6002',CURRENT_TIMESTAMP + INTERVAL 30 SECOND,23.5);
    INSERT INTO Dati VALUES('A5','AAAA6002',CURRENT_TIMESTAMP + INTERVAL 1 MINUTE,23.5);
    INSERT INTO Dati VALUES('A5','AAAA6002',CURRENT_TIMESTAMP + INTERVAL 1 MINUTE +INTERVAL 30 SECOND,23.6);
	INSERT INTO Dati VALUES('A5','AAAA6002',CURRENT_TIMESTAMP + INTERVAL 2 MINUTE,23.5);
    INSERT INTO Dati VALUES('A5','AAAA6002',CURRENT_TIMESTAMP + INTERVAL 2 MINUTE +INTERVAL 30 SECOND,23.5);
    INSERT INTO Dati VALUES('A5','AAAA6002',CURRENT_TIMESTAMP + INTERVAL 3 MINUTE,23.5);
    INSERT INTO Dati VALUES('A5','AAAA6002',CURRENT_TIMESTAMP + INTERVAL 3 MINUTE +INTERVAL 30 SECOND,23.5);
    INSERT INTO Dati VALUES('A5','AAAA6002',CURRENT_TIMESTAMP + INTERVAL 4 MINUTE,23.4);
    INSERT INTO Dati VALUES('A5','AAAA6002',CURRENT_TIMESTAMP + INTERVAL 4 MINUTE +INTERVAL 30 SECOND,23.4);
INSERT INTO Sensore VALUES('A6','AAAA6003',0.00005,FALSE,'Accelerometro');
	INSERT INTO Dati VALUES('A6','AAAA6003',CURRENT_TIMESTAMP,0.000000000000000001);
    INSERT INTO Dati VALUES('A6','AAAA6003',CURRENT_TIMESTAMP + INTERVAL 30 SECOND,0.000000000000000001);
    INSERT INTO Dati VALUES('A6','AAAA6003',CURRENT_TIMESTAMP + INTERVAL 1 MINUTE,0.000000000000000001);
    INSERT INTO Dati VALUES('A6','AAAA6003',CURRENT_TIMESTAMP + INTERVAL 1 MINUTE +INTERVAL 30 SECOND,0.000000000000000001);
	INSERT INTO Dati VALUES('A6','AAAA6003',CURRENT_TIMESTAMP + INTERVAL 2 MINUTE,0.000000000000000001);
    INSERT INTO Dati VALUES('A6','AAAA6003',CURRENT_TIMESTAMP + INTERVAL 2 MINUTE +INTERVAL 30 SECOND,0.000000000000000001);
    INSERT INTO Dati VALUES('A6','AAAA6003',CURRENT_TIMESTAMP + INTERVAL 3 MINUTE,0.000000000000000001);
    INSERT INTO Dati VALUES('A6','AAAA6003',CURRENT_TIMESTAMP + INTERVAL 3 MINUTE +INTERVAL 30 SECOND,0.000000000000000001);
    INSERT INTO Dati VALUES('A6','AAAA6003',CURRENT_TIMESTAMP + INTERVAL 4 MINUTE,0.000000000000000001);
    INSERT INTO Dati VALUES('A6','AAAA6003',CURRENT_TIMESTAMP + INTERVAL 4 MINUTE +INTERVAL 30 SECOND,0.000000000000000001);
INSERT INTO Sensore VALUES('A7','AAAA6001',0.00005,FALSE,'Accelerometro');
	INSERT INTO Dati VALUES('A7','AAAA6001',CURRENT_TIMESTAMP,0.000000000000000001);
    INSERT INTO Dati VALUES('A7','AAAA6001',CURRENT_TIMESTAMP + INTERVAL 30 SECOND,0.000000000000000001);
    INSERT INTO Dati VALUES('A7','AAAA6001',CURRENT_TIMESTAMP + INTERVAL 1 MINUTE,0.000000000000000001);
    INSERT INTO Dati VALUES('A7','AAAA6001',CURRENT_TIMESTAMP + INTERVAL 1 MINUTE +INTERVAL 30 SECOND,0.000000000000000001);
	INSERT INTO Dati VALUES('A7','AAAA6001',CURRENT_TIMESTAMP + INTERVAL 2 MINUTE,0.000000000000000001);
    INSERT INTO Dati VALUES('A7','AAAA6001',CURRENT_TIMESTAMP + INTERVAL 2 MINUTE +INTERVAL 30 SECOND,0.000000000000000001);
    INSERT INTO Dati VALUES('A7','AAAA6001',CURRENT_TIMESTAMP + INTERVAL 3 MINUTE,0.000000000000000001);
    INSERT INTO Dati VALUES('A7','AAAA6001',CURRENT_TIMESTAMP + INTERVAL 3 MINUTE +INTERVAL 30 SECOND,0.000000000000000001);
    INSERT INTO Dati VALUES('A7','AAAA6001',CURRENT_TIMESTAMP + INTERVAL 4 MINUTE,0.000000000000000001);
    INSERT INTO Dati VALUES('A7','AAAA6001',CURRENT_TIMESTAMP + INTERVAL 4 MINUTE +INTERVAL 30 SECOND,0.000000000000000001);
INSERT INTO Sensore VALUES('A8','AAAA6003',0.00005,FALSE,'Velocimetro');
	INSERT INTO Dati VALUES('A8','AAAA6003',CURRENT_TIMESTAMP,0.00000000000002);
    INSERT INTO Dati VALUES('A8','AAAA6003',CURRENT_TIMESTAMP + INTERVAL 30 SECOND,0.00000000000002);
    INSERT INTO Dati VALUES('A8','AAAA6003',CURRENT_TIMESTAMP + INTERVAL 1 MINUTE,0.00000000000002);
    INSERT INTO Dati VALUES('A8','AAAA6003',CURRENT_TIMESTAMP + INTERVAL 1 MINUTE +INTERVAL 30 SECOND,0.00000000000002);
	INSERT INTO Dati VALUES('A8','AAAA6003',CURRENT_TIMESTAMP + INTERVAL 2 MINUTE,0.00000000000002);
    INSERT INTO Dati VALUES('A8','AAAA6003',CURRENT_TIMESTAMP + INTERVAL 2 MINUTE +INTERVAL 30 SECOND,0.00000000000002);
    INSERT INTO Dati VALUES('A8','AAAA6003',CURRENT_TIMESTAMP + INTERVAL 3 MINUTE,0.00000000000002);
    INSERT INTO Dati VALUES('A8','AAAA6003',CURRENT_TIMESTAMP + INTERVAL 3 MINUTE +INTERVAL 30 SECOND,0.00000000000002);
    INSERT INTO Dati VALUES('A8','AAAA6003',CURRENT_TIMESTAMP + INTERVAL 4 MINUTE,0.00000000000002);
    INSERT INTO Dati VALUES('A8','AAAA6003',CURRENT_TIMESTAMP + INTERVAL 4 MINUTE +INTERVAL 30 SECOND,0.00000000000002);
INSERT INTO Sensore VALUES('A9','AAAA6001',0.00005,FALSE,'Velocimetro');
	INSERT INTO Dati VALUES('A9','AAAA6001',CURRENT_TIMESTAMP,0.00000000000002);
    INSERT INTO Dati VALUES('A9','AAAA6001',CURRENT_TIMESTAMP + INTERVAL 30 SECOND,0.00000000000002);
    INSERT INTO Dati VALUES('A9','AAAA6001',CURRENT_TIMESTAMP + INTERVAL 1 MINUTE,0.00000000000002);
    INSERT INTO Dati VALUES('A9','AAAA6001',CURRENT_TIMESTAMP + INTERVAL 1 MINUTE +INTERVAL 30 SECOND,0.00000000000002);
	INSERT INTO Dati VALUES('A9','AAAA6001',CURRENT_TIMESTAMP + INTERVAL 2 MINUTE,0.00000000000002);
    INSERT INTO Dati VALUES('A9','AAAA6001',CURRENT_TIMESTAMP + INTERVAL 2 MINUTE +INTERVAL 30 SECOND,0.00000000000002);
    INSERT INTO Dati VALUES('A9','AAAA6001',CURRENT_TIMESTAMP + INTERVAL 3 MINUTE,0.00000000000002);
    INSERT INTO Dati VALUES('A9','AAAA6001',CURRENT_TIMESTAMP + INTERVAL 3 MINUTE +INTERVAL 30 SECOND,0.00000000000002);
    INSERT INTO Dati VALUES('A9','AAAA6001',CURRENT_TIMESTAMP + INTERVAL 4 MINUTE,0.00000000000002);
    INSERT INTO Dati VALUES('A9','AAAA6001',CURRENT_TIMESTAMP + INTERVAL 4 MINUTE +INTERVAL 30 SECOND,0.00000000000002);
INSERT INTO Sensore VALUES('B1','AAAA6001',40,FALSE,'Barometro');
	INSERT INTO Dati VALUES('B1','AAAA6001',CURRENT_TIMESTAMP,21);
    INSERT INTO Dati VALUES('B1','AAAA6001',CURRENT_TIMESTAMP + INTERVAL 30 SECOND,21);
    INSERT INTO Dati VALUES('B1','AAAA6001',CURRENT_TIMESTAMP + INTERVAL 1 MINUTE,21);
    INSERT INTO Dati VALUES('B1','AAAA6001',CURRENT_TIMESTAMP + INTERVAL 1 MINUTE +INTERVAL 30 SECOND,22);
	INSERT INTO Dati VALUES('B1','AAAA6001',CURRENT_TIMESTAMP + INTERVAL 2 MINUTE,22);
    INSERT INTO Dati VALUES('B1','AAAA6001',CURRENT_TIMESTAMP + INTERVAL 2 MINUTE +INTERVAL 30 SECOND,22);
    INSERT INTO Dati VALUES('B1','AAAA6001',CURRENT_TIMESTAMP + INTERVAL 3 MINUTE,23);
    INSERT INTO Dati VALUES('B1','AAAA6001',CURRENT_TIMESTAMP + INTERVAL 3 MINUTE +INTERVAL 30 SECOND,23);
    INSERT INTO Dati VALUES('B1','AAAA6001',CURRENT_TIMESTAMP + INTERVAL 4 MINUTE,22);
    INSERT INTO Dati VALUES('B1','AAAA6001',CURRENT_TIMESTAMP + INTERVAL 4 MINUTE +INTERVAL 30 SECOND,22);
INSERT INTO Sensore VALUES('B2','AAAA6002',40,FALSE,'Barometro');
	INSERT INTO Dati VALUES('B2','AAAA6002',CURRENT_TIMESTAMP,22);
    INSERT INTO Dati VALUES('B2','AAAA6002',CURRENT_TIMESTAMP + INTERVAL 30 SECOND,21);
    INSERT INTO Dati VALUES('B2','AAAA6002',CURRENT_TIMESTAMP + INTERVAL 1 MINUTE,21);
    INSERT INTO Dati VALUES('B2','AAAA6002',CURRENT_TIMESTAMP + INTERVAL 1 MINUTE +INTERVAL 30 SECOND,21);
	INSERT INTO Dati VALUES('B2','AAAA6002',CURRENT_TIMESTAMP + INTERVAL 2 MINUTE,21);
    INSERT INTO Dati VALUES('B2','AAAA6002',CURRENT_TIMESTAMP + INTERVAL 2 MINUTE +INTERVAL 30 SECOND,22);
    INSERT INTO Dati VALUES('B2','AAAA6002',CURRENT_TIMESTAMP + INTERVAL 3 MINUTE,22);
    INSERT INTO Dati VALUES('B2','AAAA6002',CURRENT_TIMESTAMP + INTERVAL 3 MINUTE +INTERVAL 30 SECOND,22);
    INSERT INTO Dati VALUES('B2','AAAA6002',CURRENT_TIMESTAMP + INTERVAL 4 MINUTE,22);
    INSERT INTO Dati VALUES('B2','AAAA6002',CURRENT_TIMESTAMP + INTERVAL 4 MINUTE +INTERVAL 30 SECOND,23);
INSERT INTO Sensore VALUES('B3','AAAA6003',40,FALSE,'Barometro');
	INSERT INTO Dati VALUES('B3','AAAA6003',CURRENT_TIMESTAMP,22);
    INSERT INTO Dati VALUES('B3','AAAA6003',CURRENT_TIMESTAMP + INTERVAL 30 SECOND,22);
    INSERT INTO Dati VALUES('B3','AAAA6003',CURRENT_TIMESTAMP + INTERVAL 1 MINUTE,22);
    INSERT INTO Dati VALUES('B3','AAAA6003',CURRENT_TIMESTAMP + INTERVAL 1 MINUTE +INTERVAL 30 SECOND,21);
	INSERT INTO Dati VALUES('B3','AAAA6003',CURRENT_TIMESTAMP + INTERVAL 2 MINUTE,21);
    INSERT INTO Dati VALUES('B3','AAAA6003',CURRENT_TIMESTAMP + INTERVAL 2 MINUTE +INTERVAL 30 SECOND,21);
    INSERT INTO Dati VALUES('B3','AAAA6003',CURRENT_TIMESTAMP + INTERVAL 3 MINUTE,21);
    INSERT INTO Dati VALUES('B3','AAAA6003',CURRENT_TIMESTAMP + INTERVAL 3 MINUTE +INTERVAL 30 SECOND,20);
    INSERT INTO Dati VALUES('B3','AAAA6003',CURRENT_TIMESTAMP + INTERVAL 4 MINUTE,20);
    INSERT INTO Dati VALUES('B3','AAAA6003',CURRENT_TIMESTAMP + INTERVAL 4 MINUTE +INTERVAL 30 SECOND,19);
INSERT INTO Sensore VALUES('B4','AAAA6101',60,FALSE,'Igrometro');
	INSERT INTO Dati VALUES('B4','AAAA6101',CURRENT_TIMESTAMP,22);
    INSERT INTO Dati VALUES('B4','AAAA6101',CURRENT_TIMESTAMP + INTERVAL 30 SECOND,21);
    INSERT INTO Dati VALUES('B4','AAAA6101',CURRENT_TIMESTAMP + INTERVAL 1 MINUTE,21);
    INSERT INTO Dati VALUES('B4','AAAA6101',CURRENT_TIMESTAMP + INTERVAL 1 MINUTE +INTERVAL 30 SECOND,21);
	INSERT INTO Dati VALUES('B4','AAAA6101',CURRENT_TIMESTAMP + INTERVAL 2 MINUTE,21);
    INSERT INTO Dati VALUES('B4','AAAA6101',CURRENT_TIMESTAMP + INTERVAL 2 MINUTE +INTERVAL 30 SECOND,21);
    INSERT INTO Dati VALUES('B4','AAAA6101',CURRENT_TIMESTAMP + INTERVAL 3 MINUTE,20);
    INSERT INTO Dati VALUES('B4','AAAA6101',CURRENT_TIMESTAMP + INTERVAL 3 MINUTE +INTERVAL 30 SECOND,20);
    INSERT INTO Dati VALUES('B4','AAAA6101',CURRENT_TIMESTAMP + INTERVAL 4 MINUTE,20);
    INSERT INTO Dati VALUES('B4','AAAA6101',CURRENT_TIMESTAMP + INTERVAL 4 MINUTE +INTERVAL 30 SECOND,21);
INSERT INTO Sensore VALUES('B5','AAAA6103',60,FALSE,'Igrometro');
	INSERT INTO Dati VALUES('B5','AAAA6103',CURRENT_TIMESTAMP,21);
    INSERT INTO Dati VALUES('B5','AAAA6103',CURRENT_TIMESTAMP + INTERVAL 30 SECOND,21);
    INSERT INTO Dati VALUES('B5','AAAA6103',CURRENT_TIMESTAMP + INTERVAL 1 MINUTE,21);
    INSERT INTO Dati VALUES('B5','AAAA6103',CURRENT_TIMESTAMP + INTERVAL 1 MINUTE +INTERVAL 30 SECOND,21);
	INSERT INTO Dati VALUES('B5','AAAA6103',CURRENT_TIMESTAMP + INTERVAL 2 MINUTE,22);
    INSERT INTO Dati VALUES('B5','AAAA6103',CURRENT_TIMESTAMP + INTERVAL 2 MINUTE +INTERVAL 30 SECOND,22);
    INSERT INTO Dati VALUES('B5','AAAA6103',CURRENT_TIMESTAMP + INTERVAL 3 MINUTE,22);
    INSERT INTO Dati VALUES('B5','AAAA6103',CURRENT_TIMESTAMP + INTERVAL 3 MINUTE +INTERVAL 30 SECOND,22);
    INSERT INTO Dati VALUES('B5','AAAA6103',CURRENT_TIMESTAMP + INTERVAL 4 MINUTE,21);
    INSERT INTO Dati VALUES('B5','AAAA6103',CURRENT_TIMESTAMP + INTERVAL 4 MINUTE +INTERVAL 30 SECOND,21);
INSERT INTO Sensore VALUES('B6','AAAA6101',45,FALSE,'Termostato');
	INSERT INTO Dati VALUES('B6','AAAA6101',CURRENT_TIMESTAMP,22.2);
    INSERT INTO Dati VALUES('B6','AAAA6101',CURRENT_TIMESTAMP + INTERVAL 30 SECOND,22.2);
    INSERT INTO Dati VALUES('B6','AAAA6101',CURRENT_TIMESTAMP + INTERVAL 1 MINUTE,22.2);
    INSERT INTO Dati VALUES('B6','AAAA6101',CURRENT_TIMESTAMP + INTERVAL 1 MINUTE +INTERVAL 30 SECOND,22.1);
	INSERT INTO Dati VALUES('B6','AAAA6101',CURRENT_TIMESTAMP + INTERVAL 2 MINUTE,22.1);
    INSERT INTO Dati VALUES('B6','AAAA6101',CURRENT_TIMESTAMP + INTERVAL 2 MINUTE +INTERVAL 30 SECOND,22.1);
    INSERT INTO Dati VALUES('B6','AAAA6101',CURRENT_TIMESTAMP + INTERVAL 3 MINUTE,22.1);
    INSERT INTO Dati VALUES('B6','AAAA6101',CURRENT_TIMESTAMP + INTERVAL 3 MINUTE +INTERVAL 30 SECOND,22);
    INSERT INTO Dati VALUES('B6','AAAA6101',CURRENT_TIMESTAMP + INTERVAL 4 MINUTE,22);
    INSERT INTO Dati VALUES('B6','AAAA6101',CURRENT_TIMESTAMP + INTERVAL 4 MINUTE +INTERVAL 30 SECOND,21.9);
INSERT INTO Sensore VALUES('B7','AAAA6103',45,FALSE,'Termostato');
	INSERT INTO Dati VALUES('B7','AAAA6103',CURRENT_TIMESTAMP,22.6);
    INSERT INTO Dati VALUES('B7','AAAA6103',CURRENT_TIMESTAMP + INTERVAL 30 SECOND,22.6);
    INSERT INTO Dati VALUES('B7','AAAA6103',CURRENT_TIMESTAMP + INTERVAL 1 MINUTE,22.6);
    INSERT INTO Dati VALUES('B7','AAAA6103',CURRENT_TIMESTAMP + INTERVAL 1 MINUTE +INTERVAL 30 SECOND,22.5);
	INSERT INTO Dati VALUES('B7','AAAA6103',CURRENT_TIMESTAMP + INTERVAL 2 MINUTE,22.5);
    INSERT INTO Dati VALUES('B7','AAAA6103',CURRENT_TIMESTAMP + INTERVAL 2 MINUTE +INTERVAL 30 SECOND,22.5);
    INSERT INTO Dati VALUES('B7','AAAA6103',CURRENT_TIMESTAMP + INTERVAL 3 MINUTE,22.5);
    INSERT INTO Dati VALUES('B7','AAAA6103',CURRENT_TIMESTAMP + INTERVAL 3 MINUTE +INTERVAL 30 SECOND,22.4);
    INSERT INTO Dati VALUES('B7','AAAA6103',CURRENT_TIMESTAMP + INTERVAL 4 MINUTE,22.4);
    INSERT INTO Dati VALUES('B7','AAAA6103',CURRENT_TIMESTAMP + INTERVAL 4 MINUTE +INTERVAL 30 SECOND,22.3);
INSERT INTO Sensore VALUES('B8','AAAA6101',40,FALSE,'Barometro');
	INSERT INTO Dati VALUES('B8','AAAA6101',CURRENT_TIMESTAMP,16);
    INSERT INTO Dati VALUES('B8','AAAA6101',CURRENT_TIMESTAMP + INTERVAL 30 SECOND,16);
    INSERT INTO Dati VALUES('B8','AAAA6101',CURRENT_TIMESTAMP + INTERVAL 1 MINUTE,16);
    INSERT INTO Dati VALUES('B8','AAAA6101',CURRENT_TIMESTAMP + INTERVAL 1 MINUTE +INTERVAL 30 SECOND,17);
	INSERT INTO Dati VALUES('B8','AAAA6101',CURRENT_TIMESTAMP + INTERVAL 2 MINUTE,17);
    INSERT INTO Dati VALUES('B8','AAAA6101',CURRENT_TIMESTAMP + INTERVAL 2 MINUTE +INTERVAL 30 SECOND,17);
    INSERT INTO Dati VALUES('B8','AAAA6101',CURRENT_TIMESTAMP + INTERVAL 3 MINUTE,17);
    INSERT INTO Dati VALUES('B8','AAAA6101',CURRENT_TIMESTAMP + INTERVAL 3 MINUTE +INTERVAL 30 SECOND,16);
    INSERT INTO Dati VALUES('B8','AAAA6101',CURRENT_TIMESTAMP + INTERVAL 4 MINUTE,16);
    INSERT INTO Dati VALUES('B8','AAAA6101',CURRENT_TIMESTAMP + INTERVAL 4 MINUTE +INTERVAL 30 SECOND,15);
INSERT INTO Sensore VALUES('B9','AAAA6102',40,FALSE,'Barometro');
	INSERT INTO Dati VALUES('B9','AAAA6102',CURRENT_TIMESTAMP,15);
    INSERT INTO Dati VALUES('B9','AAAA6102',CURRENT_TIMESTAMP + INTERVAL 30 SECOND,15);
    INSERT INTO Dati VALUES('B9','AAAA6102',CURRENT_TIMESTAMP + INTERVAL 1 MINUTE,15);
    INSERT INTO Dati VALUES('B9','AAAA6102',CURRENT_TIMESTAMP + INTERVAL 1 MINUTE +INTERVAL 30 SECOND,15);
	INSERT INTO Dati VALUES('B9','AAAA6102',CURRENT_TIMESTAMP + INTERVAL 2 MINUTE,15);
    INSERT INTO Dati VALUES('B9','AAAA6102',CURRENT_TIMESTAMP + INTERVAL 2 MINUTE +INTERVAL 30 SECOND,16);
    INSERT INTO Dati VALUES('B9','AAAA6102',CURRENT_TIMESTAMP + INTERVAL 3 MINUTE,16);
    INSERT INTO Dati VALUES('B9','AAAA6102',CURRENT_TIMESTAMP + INTERVAL 3 MINUTE +INTERVAL 30 SECOND,16);
    INSERT INTO Dati VALUES('B9','AAAA6102',CURRENT_TIMESTAMP + INTERVAL 4 MINUTE,16);
    INSERT INTO Dati VALUES('B9','AAAA6102',CURRENT_TIMESTAMP + INTERVAL 4 MINUTE +INTERVAL 30 SECOND,17);
INSERT INTO Sensore VALUES('C1','AAAA6103',40,FALSE,'Barometro');
	INSERT INTO Dati VALUES('C1','AAAA6103',CURRENT_TIMESTAMP,15);
    INSERT INTO Dati VALUES('C1','AAAA6103',CURRENT_TIMESTAMP + INTERVAL 30 SECOND,15);
    INSERT INTO Dati VALUES('C1','AAAA6103',CURRENT_TIMESTAMP + INTERVAL 1 MINUTE,15);
    INSERT INTO Dati VALUES('C1','AAAA6103',CURRENT_TIMESTAMP + INTERVAL 1 MINUTE +INTERVAL 30 SECOND,15);
	INSERT INTO Dati VALUES('C1','AAAA6103',CURRENT_TIMESTAMP + INTERVAL 2 MINUTE,15);
    INSERT INTO Dati VALUES('C1','AAAA6103',CURRENT_TIMESTAMP + INTERVAL 2 MINUTE +INTERVAL 30 SECOND,16);
    INSERT INTO Dati VALUES('C1','AAAA6103',CURRENT_TIMESTAMP + INTERVAL 3 MINUTE,16);
    INSERT INTO Dati VALUES('C1','AAAA6103',CURRENT_TIMESTAMP + INTERVAL 3 MINUTE +INTERVAL 30 SECOND,17);
    INSERT INTO Dati VALUES('C1','AAAA6103',CURRENT_TIMESTAMP + INTERVAL 4 MINUTE,17);
    INSERT INTO Dati VALUES('C1','AAAA6103',CURRENT_TIMESTAMP + INTERVAL 4 MINUTE +INTERVAL 30 SECOND,18);
INSERT INTO Sensore VALUES('C2','AAAA6104',40,FALSE,'Barometro');
	INSERT INTO Dati VALUES('C2','AAAA6104',CURRENT_TIMESTAMP,14);
    INSERT INTO Dati VALUES('C2','AAAA6104',CURRENT_TIMESTAMP + INTERVAL 30 SECOND,14);
    INSERT INTO Dati VALUES('C2','AAAA6104',CURRENT_TIMESTAMP + INTERVAL 1 MINUTE,14);
    INSERT INTO Dati VALUES('C2','AAAA6104',CURRENT_TIMESTAMP + INTERVAL 1 MINUTE +INTERVAL 30 SECOND,15);
	INSERT INTO Dati VALUES('C2','AAAA6104',CURRENT_TIMESTAMP + INTERVAL 2 MINUTE,15);
    INSERT INTO Dati VALUES('C2','AAAA6104',CURRENT_TIMESTAMP + INTERVAL 2 MINUTE +INTERVAL 30 SECOND,15);
    INSERT INTO Dati VALUES('C2','AAAA6104',CURRENT_TIMESTAMP + INTERVAL 3 MINUTE,16);
    INSERT INTO Dati VALUES('C2','AAAA6104',CURRENT_TIMESTAMP + INTERVAL 3 MINUTE +INTERVAL 30 SECOND,16);
    INSERT INTO Dati VALUES('C2','AAAA6104',CURRENT_TIMESTAMP + INTERVAL 4 MINUTE,17);
    INSERT INTO Dati VALUES('C2','AAAA6104',CURRENT_TIMESTAMP + INTERVAL 4 MINUTE +INTERVAL 30 SECOND,16);
INSERT INTO Sensore VALUES('C3','AAAA6202',60,FALSE,'Igrometro');
	INSERT INTO Dati VALUES('C3','AAAA6202',CURRENT_TIMESTAMP,23);
    INSERT INTO Dati VALUES('C3','AAAA6202',CURRENT_TIMESTAMP + INTERVAL 30 SECOND,23);
    INSERT INTO Dati VALUES('C3','AAAA6202',CURRENT_TIMESTAMP + INTERVAL 1 MINUTE,23);
    INSERT INTO Dati VALUES('C3','AAAA6202',CURRENT_TIMESTAMP + INTERVAL 1 MINUTE +INTERVAL 30 SECOND,22);
	INSERT INTO Dati VALUES('C3','AAAA6202',CURRENT_TIMESTAMP + INTERVAL 2 MINUTE,22);
    INSERT INTO Dati VALUES('C3','AAAA6202',CURRENT_TIMESTAMP + INTERVAL 2 MINUTE +INTERVAL 30 SECOND,22);
    INSERT INTO Dati VALUES('C3','AAAA6202',CURRENT_TIMESTAMP + INTERVAL 3 MINUTE,22);
    INSERT INTO Dati VALUES('C3','AAAA6202',CURRENT_TIMESTAMP + INTERVAL 3 MINUTE +INTERVAL 30 SECOND,22);
    INSERT INTO Dati VALUES('C3','AAAA6202',CURRENT_TIMESTAMP + INTERVAL 4 MINUTE,21);
    INSERT INTO Dati VALUES('C3','AAAA6202',CURRENT_TIMESTAMP + INTERVAL 4 MINUTE +INTERVAL 30 SECOND,21);
INSERT INTO Sensore VALUES('C4','AAAA6203',60,FALSE,'Igrometro');
	INSERT INTO Dati VALUES('C4','AAAA6203',CURRENT_TIMESTAMP,24);
    INSERT INTO Dati VALUES('C4','AAAA6203',CURRENT_TIMESTAMP + INTERVAL 30 SECOND,24);
    INSERT INTO Dati VALUES('C4','AAAA6203',CURRENT_TIMESTAMP + INTERVAL 1 MINUTE,24);
    INSERT INTO Dati VALUES('C4','AAAA6203',CURRENT_TIMESTAMP + INTERVAL 1 MINUTE +INTERVAL 30 SECOND,24);
	INSERT INTO Dati VALUES('C4','AAAA6203',CURRENT_TIMESTAMP + INTERVAL 2 MINUTE,24);
    INSERT INTO Dati VALUES('C4','AAAA6203',CURRENT_TIMESTAMP + INTERVAL 2 MINUTE +INTERVAL 30 SECOND,23);
    INSERT INTO Dati VALUES('C4','AAAA6203',CURRENT_TIMESTAMP + INTERVAL 3 MINUTE,23);
    INSERT INTO Dati VALUES('C4','AAAA6203',CURRENT_TIMESTAMP + INTERVAL 3 MINUTE +INTERVAL 30 SECOND,23);
    INSERT INTO Dati VALUES('C4','AAAA6203',CURRENT_TIMESTAMP + INTERVAL 4 MINUTE,22);
    INSERT INTO Dati VALUES('C4','AAAA6203',CURRENT_TIMESTAMP + INTERVAL 4 MINUTE +INTERVAL 30 SECOND,22);
INSERT INTO Sensore VALUES('C5','AAAA6202',45,FALSE,'Termostato');
	INSERT INTO Dati VALUES('C5','AAAA6202',CURRENT_TIMESTAMP,25.6);
    INSERT INTO Dati VALUES('C5','AAAA6202',CURRENT_TIMESTAMP + INTERVAL 30 SECOND,25.7);
    INSERT INTO Dati VALUES('C5','AAAA6202',CURRENT_TIMESTAMP + INTERVAL 1 MINUTE,25.7);
    INSERT INTO Dati VALUES('C5','AAAA6202',CURRENT_TIMESTAMP + INTERVAL 1 MINUTE +INTERVAL 30 SECOND,25.6);
	INSERT INTO Dati VALUES('C5','AAAA6202',CURRENT_TIMESTAMP + INTERVAL 2 MINUTE,25.6);
    INSERT INTO Dati VALUES('C5','AAAA6202',CURRENT_TIMESTAMP + INTERVAL 2 MINUTE +INTERVAL 30 SECOND,25.5);
    INSERT INTO Dati VALUES('C5','AAAA6202',CURRENT_TIMESTAMP + INTERVAL 3 MINUTE,25.5);
    INSERT INTO Dati VALUES('C5','AAAA6202',CURRENT_TIMESTAMP + INTERVAL 3 MINUTE +INTERVAL 30 SECOND,25.4);
    INSERT INTO Dati VALUES('C5','AAAA6202',CURRENT_TIMESTAMP + INTERVAL 4 MINUTE,25.4);
    INSERT INTO Dati VALUES('C5','AAAA6202',CURRENT_TIMESTAMP + INTERVAL 4 MINUTE +INTERVAL 30 SECOND,25.4);
INSERT INTO Sensore VALUES('C6','AAAA6203',45,FALSE,'Termostato');
	INSERT INTO Dati VALUES('C6','AAAA6203',CURRENT_TIMESTAMP,24.7);
    INSERT INTO Dati VALUES('C6','AAAA6203',CURRENT_TIMESTAMP + INTERVAL 30 SECOND,24.7);
    INSERT INTO Dati VALUES('C6','AAAA6203',CURRENT_TIMESTAMP + INTERVAL 1 MINUTE,24.6);
    INSERT INTO Dati VALUES('C6','AAAA6203',CURRENT_TIMESTAMP + INTERVAL 1 MINUTE +INTERVAL 30 SECOND,24.6);
	INSERT INTO Dati VALUES('C6','AAAA6203',CURRENT_TIMESTAMP + INTERVAL 2 MINUTE,24.6);
    INSERT INTO Dati VALUES('C6','AAAA6203',CURRENT_TIMESTAMP + INTERVAL 2 MINUTE +INTERVAL 30 SECOND,24.5);
    INSERT INTO Dati VALUES('C6','AAAA6203',CURRENT_TIMESTAMP + INTERVAL 3 MINUTE,24.5);
    INSERT INTO Dati VALUES('C6','AAAA6203',CURRENT_TIMESTAMP + INTERVAL 3 MINUTE +INTERVAL 30 SECOND,24.6);
    INSERT INTO Dati VALUES('C6','AAAA6203',CURRENT_TIMESTAMP + INTERVAL 4 MINUTE,24.6);
    INSERT INTO Dati VALUES('C6','AAAA6203',CURRENT_TIMESTAMP + INTERVAL 4 MINUTE +INTERVAL 30 SECOND,24.5);
INSERT INTO Sensore VALUES('C7','AAAA6201',40,FALSE,'Barometro');
	INSERT INTO Dati VALUES('C7','AAAA6201',CURRENT_TIMESTAMP,11);
    INSERT INTO Dati VALUES('C7','AAAA6201',CURRENT_TIMESTAMP + INTERVAL 30 SECOND,11);
    INSERT INTO Dati VALUES('C7','AAAA6201',CURRENT_TIMESTAMP + INTERVAL 1 MINUTE,12);
    INSERT INTO Dati VALUES('C7','AAAA6201',CURRENT_TIMESTAMP + INTERVAL 1 MINUTE +INTERVAL 30 SECOND,12);
	INSERT INTO Dati VALUES('C7','AAAA6201',CURRENT_TIMESTAMP + INTERVAL 2 MINUTE,12);
    INSERT INTO Dati VALUES('C7','AAAA6201',CURRENT_TIMESTAMP + INTERVAL 2 MINUTE +INTERVAL 30 SECOND,12);
    INSERT INTO Dati VALUES('C7','AAAA6201',CURRENT_TIMESTAMP + INTERVAL 3 MINUTE,13);
    INSERT INTO Dati VALUES('C7','AAAA6201',CURRENT_TIMESTAMP + INTERVAL 3 MINUTE +INTERVAL 30 SECOND,13);
    INSERT INTO Dati VALUES('C7','AAAA6201',CURRENT_TIMESTAMP + INTERVAL 4 MINUTE,12);
    INSERT INTO Dati VALUES('C7','AAAA6201',CURRENT_TIMESTAMP + INTERVAL 4 MINUTE +INTERVAL 30 SECOND,12);
INSERT INTO Sensore VALUES('C8','AAAA6202',40,FALSE,'Barometro');
	INSERT INTO Dati VALUES('C8','AAAA6202',CURRENT_TIMESTAMP,13);
    INSERT INTO Dati VALUES('C8','AAAA6202',CURRENT_TIMESTAMP + INTERVAL 30 SECOND,13);
    INSERT INTO Dati VALUES('C8','AAAA6202',CURRENT_TIMESTAMP + INTERVAL 1 MINUTE,13);
    INSERT INTO Dati VALUES('C8','AAAA6202',CURRENT_TIMESTAMP + INTERVAL 1 MINUTE +INTERVAL 30 SECOND,13);
	INSERT INTO Dati VALUES('C8','AAAA6202',CURRENT_TIMESTAMP + INTERVAL 2 MINUTE,13);
    INSERT INTO Dati VALUES('C8','AAAA6202',CURRENT_TIMESTAMP + INTERVAL 2 MINUTE +INTERVAL 30 SECOND,12);
    INSERT INTO Dati VALUES('C8','AAAA6202',CURRENT_TIMESTAMP + INTERVAL 3 MINUTE,12);
    INSERT INTO Dati VALUES('C8','AAAA6202',CURRENT_TIMESTAMP + INTERVAL 3 MINUTE +INTERVAL 30 SECOND,12);
    INSERT INTO Dati VALUES('C8','AAAA6202',CURRENT_TIMESTAMP + INTERVAL 4 MINUTE,12);
    INSERT INTO Dati VALUES('C8','AAAA6202',CURRENT_TIMESTAMP + INTERVAL 4 MINUTE +INTERVAL 30 SECOND,13);
INSERT INTO Sensore VALUES('C9','AAAA6203',40,FALSE,'Barometro');
	INSERT INTO Dati VALUES('C9','AAAA6203',CURRENT_TIMESTAMP,14);
    INSERT INTO Dati VALUES('C9','AAAA6203',CURRENT_TIMESTAMP + INTERVAL 30 SECOND,14);
    INSERT INTO Dati VALUES('C9','AAAA6203',CURRENT_TIMESTAMP + INTERVAL 1 MINUTE,13);
    INSERT INTO Dati VALUES('C9','AAAA6203',CURRENT_TIMESTAMP + INTERVAL 1 MINUTE +INTERVAL 30 SECOND,13);
	INSERT INTO Dati VALUES('C9','AAAA6203',CURRENT_TIMESTAMP + INTERVAL 2 MINUTE,13);
    INSERT INTO Dati VALUES('C9','AAAA6203',CURRENT_TIMESTAMP + INTERVAL 2 MINUTE +INTERVAL 30 SECOND,13);
    INSERT INTO Dati VALUES('C9','AAAA6203',CURRENT_TIMESTAMP + INTERVAL 3 MINUTE,13);
    INSERT INTO Dati VALUES('C9','AAAA6203',CURRENT_TIMESTAMP + INTERVAL 3 MINUTE +INTERVAL 30 SECOND,12);
    INSERT INTO Dati VALUES('C9','AAAA6203',CURRENT_TIMESTAMP + INTERVAL 4 MINUTE,12);
    INSERT INTO Dati VALUES('C9','AAAA6203',CURRENT_TIMESTAMP + INTERVAL 4 MINUTE +INTERVAL 30 SECOND,13);

INSERT INTO Sensore VALUES('A1','AAAB3002',5,TRUE,'Terremoto');
INSERT INTO Sensore VALUES('A2','AAAB3001',60,FALSE,'Igrometro');
	INSERT INTO Dati VALUES('A2','AAAB3001',CURRENT_TIMESTAMP,24);
    INSERT INTO Dati VALUES('A2','AAAB3001',CURRENT_TIMESTAMP + INTERVAL 30 SECOND,24);
    INSERT INTO Dati VALUES('A2','AAAB3001',CURRENT_TIMESTAMP + INTERVAL 1 MINUTE,24);
    INSERT INTO Dati VALUES('A2','AAAB3001',CURRENT_TIMESTAMP + INTERVAL 1 MINUTE +INTERVAL 30 SECOND,24);
	INSERT INTO Dati VALUES('A2','AAAB3001',CURRENT_TIMESTAMP + INTERVAL 2 MINUTE,23);
    INSERT INTO Dati VALUES('A2','AAAB3001',CURRENT_TIMESTAMP + INTERVAL 2 MINUTE +INTERVAL 30 SECOND,23);
    INSERT INTO Dati VALUES('A2','AAAB3001',CURRENT_TIMESTAMP + INTERVAL 3 MINUTE,23);
    INSERT INTO Dati VALUES('A2','AAAB3001',CURRENT_TIMESTAMP + INTERVAL 3 MINUTE +INTERVAL 30 SECOND,23);
    INSERT INTO Dati VALUES('A2','AAAB3001',CURRENT_TIMESTAMP + INTERVAL 4 MINUTE,24);
    INSERT INTO Dati VALUES('A2','AAAB3001',CURRENT_TIMESTAMP + INTERVAL 4 MINUTE +INTERVAL 30 SECOND,23);
INSERT INTO Sensore VALUES('A3','AAAB3004',60,FALSE,'Igrometro');
	INSERT INTO Dati VALUES('A3','AAAB3004',CURRENT_TIMESTAMP,22);
    INSERT INTO Dati VALUES('A3','AAAB3004',CURRENT_TIMESTAMP + INTERVAL 30 SECOND,22);
    INSERT INTO Dati VALUES('A3','AAAB3004',CURRENT_TIMESTAMP + INTERVAL 1 MINUTE,22);
    INSERT INTO Dati VALUES('A3','AAAB3004',CURRENT_TIMESTAMP + INTERVAL 1 MINUTE +INTERVAL 30 SECOND,23);
	INSERT INTO Dati VALUES('A3','AAAB3004',CURRENT_TIMESTAMP + INTERVAL 2 MINUTE,23);
    INSERT INTO Dati VALUES('A3','AAAB3004',CURRENT_TIMESTAMP + INTERVAL 2 MINUTE +INTERVAL 30 SECOND,24);
    INSERT INTO Dati VALUES('A3','AAAB3004',CURRENT_TIMESTAMP + INTERVAL 3 MINUTE,24);
    INSERT INTO Dati VALUES('A3','AAAB3004',CURRENT_TIMESTAMP + INTERVAL 3 MINUTE +INTERVAL 30 SECOND,23);
    INSERT INTO Dati VALUES('A3','AAAB3004',CURRENT_TIMESTAMP + INTERVAL 4 MINUTE,23);
    INSERT INTO Dati VALUES('A3','AAAB3004',CURRENT_TIMESTAMP + INTERVAL 4 MINUTE +INTERVAL 30 SECOND,23);
INSERT INTO Sensore VALUES('A4','AAAB3001',45,FALSE,'Termostato');
	INSERT INTO Dati VALUES('A4','AAAB3001',CURRENT_TIMESTAMP,21.5);
    INSERT INTO Dati VALUES('A4','AAAB3001',CURRENT_TIMESTAMP + INTERVAL 30 SECOND,21.5);
    INSERT INTO Dati VALUES('A4','AAAB3001',CURRENT_TIMESTAMP + INTERVAL 1 MINUTE,21.5);
    INSERT INTO Dati VALUES('A4','AAAB3001',CURRENT_TIMESTAMP + INTERVAL 1 MINUTE +INTERVAL 30 SECOND,21.6);
	INSERT INTO Dati VALUES('A4','AAAB3001',CURRENT_TIMESTAMP + INTERVAL 2 MINUTE,21.6);
    INSERT INTO Dati VALUES('A4','AAAB3001',CURRENT_TIMESTAMP + INTERVAL 2 MINUTE +INTERVAL 30 SECOND,21.5);
    INSERT INTO Dati VALUES('A4','AAAB3001',CURRENT_TIMESTAMP + INTERVAL 3 MINUTE,21.4);
    INSERT INTO Dati VALUES('A4','AAAB3001',CURRENT_TIMESTAMP + INTERVAL 3 MINUTE +INTERVAL 30 SECOND,21.3);
    INSERT INTO Dati VALUES('A4','AAAB3001',CURRENT_TIMESTAMP + INTERVAL 4 MINUTE,21.3);
    INSERT INTO Dati VALUES('A4','AAAB3001',CURRENT_TIMESTAMP + INTERVAL 4 MINUTE +INTERVAL 30 SECOND,21.3);
INSERT INTO Sensore VALUES('A5','AAAB3004',45,FALSE,'Termostato');
	INSERT INTO Dati VALUES('A5','AAAB3004',CURRENT_TIMESTAMP,22.3);
    INSERT INTO Dati VALUES('A5','AAAB3004',CURRENT_TIMESTAMP + INTERVAL 30 SECOND,22.3);
    INSERT INTO Dati VALUES('A5','AAAB3004',CURRENT_TIMESTAMP + INTERVAL 1 MINUTE,22.3);
    INSERT INTO Dati VALUES('A5','AAAB3004',CURRENT_TIMESTAMP + INTERVAL 1 MINUTE +INTERVAL 30 SECOND,22.3);
	INSERT INTO Dati VALUES('A5','AAAB3004',CURRENT_TIMESTAMP + INTERVAL 2 MINUTE,22.2);
    INSERT INTO Dati VALUES('A5','AAAB3004',CURRENT_TIMESTAMP + INTERVAL 2 MINUTE +INTERVAL 30 SECOND,22.2);
    INSERT INTO Dati VALUES('A5','AAAB3004',CURRENT_TIMESTAMP + INTERVAL 3 MINUTE,22.2);
    INSERT INTO Dati VALUES('A5','AAAB3004',CURRENT_TIMESTAMP + INTERVAL 3 MINUTE +INTERVAL 30 SECOND,22.1);
    INSERT INTO Dati VALUES('A5','AAAB3004',CURRENT_TIMESTAMP + INTERVAL 4 MINUTE,22.1);
    INSERT INTO Dati VALUES('A5','AAAB3004',CURRENT_TIMESTAMP + INTERVAL 4 MINUTE +INTERVAL 30 SECOND,22.2);
INSERT INTO Sensore VALUES('A6','AAAB3002',0.00005,FALSE,'Accelerometro');
	INSERT INTO Dati VALUES('A6','AAAB3002',CURRENT_TIMESTAMP,0.000000000000000014);
    INSERT INTO Dati VALUES('A6','AAAB3002',CURRENT_TIMESTAMP + INTERVAL 30 SECOND,0.000000000000000014);
    INSERT INTO Dati VALUES('A6','AAAB3002',CURRENT_TIMESTAMP + INTERVAL 1 MINUTE,0.000000000000000014);
    INSERT INTO Dati VALUES('A6','AAAB3002',CURRENT_TIMESTAMP + INTERVAL 1 MINUTE +INTERVAL 30 SECOND,0.000000000000000014);
	INSERT INTO Dati VALUES('A6','AAAB3002',CURRENT_TIMESTAMP + INTERVAL 2 MINUTE,0.000000000000000014);
    INSERT INTO Dati VALUES('A6','AAAB3002',CURRENT_TIMESTAMP + INTERVAL 2 MINUTE +INTERVAL 30 SECOND,0.000000000000000014);
    INSERT INTO Dati VALUES('A6','AAAB3002',CURRENT_TIMESTAMP + INTERVAL 3 MINUTE,0.000000000000000014);
    INSERT INTO Dati VALUES('A6','AAAB3002',CURRENT_TIMESTAMP + INTERVAL 3 MINUTE +INTERVAL 30 SECOND,0.000000000000000014);
    INSERT INTO Dati VALUES('A6','AAAB3002',CURRENT_TIMESTAMP + INTERVAL 4 MINUTE,0.000000000000000014);
    INSERT INTO Dati VALUES('A6','AAAB3002',CURRENT_TIMESTAMP + INTERVAL 4 MINUTE +INTERVAL 30 SECOND,0.000000000000000014);
INSERT INTO Sensore VALUES('A7','AAAB3004',0.00005,FALSE,'Accelerometro');
	INSERT INTO Dati VALUES('A7','AAAB3004',CURRENT_TIMESTAMP,0.000000000000000014);
    INSERT INTO Dati VALUES('A7','AAAB3004',CURRENT_TIMESTAMP + INTERVAL 30 SECOND,0.000000000000000014);
    INSERT INTO Dati VALUES('A7','AAAB3004',CURRENT_TIMESTAMP + INTERVAL 1 MINUTE,0.000000000000000014);
    INSERT INTO Dati VALUES('A7','AAAB3004',CURRENT_TIMESTAMP + INTERVAL 1 MINUTE +INTERVAL 30 SECOND,0.000000000000000014);
	INSERT INTO Dati VALUES('A7','AAAB3004',CURRENT_TIMESTAMP + INTERVAL 2 MINUTE,0.000000000000000014);
    INSERT INTO Dati VALUES('A7','AAAB3004',CURRENT_TIMESTAMP + INTERVAL 2 MINUTE +INTERVAL 30 SECOND,0.000000000000000014);
    INSERT INTO Dati VALUES('A7','AAAB3004',CURRENT_TIMESTAMP + INTERVAL 3 MINUTE,0.000000000000000014);
    INSERT INTO Dati VALUES('A7','AAAB3004',CURRENT_TIMESTAMP + INTERVAL 3 MINUTE +INTERVAL 30 SECOND,0.000000000000000014);
    INSERT INTO Dati VALUES('A7','AAAB3004',CURRENT_TIMESTAMP + INTERVAL 4 MINUTE,0.000000000000000014);
    INSERT INTO Dati VALUES('A7','AAAB3004',CURRENT_TIMESTAMP + INTERVAL 4 MINUTE +INTERVAL 30 SECOND,0.000000000000000014);
INSERT INTO Sensore VALUES('A8','AAAB3002',0.00005,FALSE,'Velocimetro');
	INSERT INTO Dati VALUES('A8','AAAB3002',CURRENT_TIMESTAMP,0.00000000000003);
    INSERT INTO Dati VALUES('A8','AAAB3002',CURRENT_TIMESTAMP + INTERVAL 30 SECOND,0.00000000000003);
    INSERT INTO Dati VALUES('A8','AAAB3002',CURRENT_TIMESTAMP + INTERVAL 1 MINUTE,0.00000000000003);
    INSERT INTO Dati VALUES('A8','AAAB3002',CURRENT_TIMESTAMP + INTERVAL 1 MINUTE +INTERVAL 30 SECOND,0.00000000000003);
	INSERT INTO Dati VALUES('A8','AAAB3002',CURRENT_TIMESTAMP + INTERVAL 2 MINUTE,0.00000000000003);
    INSERT INTO Dati VALUES('A8','AAAB3002',CURRENT_TIMESTAMP + INTERVAL 2 MINUTE +INTERVAL 30 SECOND,0.00000000000003);
    INSERT INTO Dati VALUES('A8','AAAB3002',CURRENT_TIMESTAMP + INTERVAL 3 MINUTE,0.00000000000003);
    INSERT INTO Dati VALUES('A8','AAAB3002',CURRENT_TIMESTAMP + INTERVAL 3 MINUTE +INTERVAL 30 SECOND,0.00000000000003);
    INSERT INTO Dati VALUES('A8','AAAB3002',CURRENT_TIMESTAMP + INTERVAL 4 MINUTE,0.00000000000003);
    INSERT INTO Dati VALUES('A8','AAAB3002',CURRENT_TIMESTAMP + INTERVAL 4 MINUTE +INTERVAL 30 SECOND,0.00000000000003);
INSERT INTO Sensore VALUES('A9','AAAB3004',0.00005,FALSE,'Velocimetro');
	INSERT INTO Dati VALUES('A9','AAAB3004',CURRENT_TIMESTAMP,0.00000000000003);
    INSERT INTO Dati VALUES('A9','AAAB3004',CURRENT_TIMESTAMP + INTERVAL 30 SECOND,0.00000000000003);
    INSERT INTO Dati VALUES('A9','AAAB3004',CURRENT_TIMESTAMP + INTERVAL 1 MINUTE,0.00000000000003);
    INSERT INTO Dati VALUES('A9','AAAB3004',CURRENT_TIMESTAMP + INTERVAL 1 MINUTE +INTERVAL 30 SECOND,0.00000000000003);
	INSERT INTO Dati VALUES('A9','AAAB3004',CURRENT_TIMESTAMP + INTERVAL 2 MINUTE,0.00000000000003);
    INSERT INTO Dati VALUES('A9','AAAB3004',CURRENT_TIMESTAMP + INTERVAL 2 MINUTE +INTERVAL 30 SECOND,0.00000000000003);
    INSERT INTO Dati VALUES('A9','AAAB3004',CURRENT_TIMESTAMP + INTERVAL 3 MINUTE,0.00000000000003);
    INSERT INTO Dati VALUES('A9','AAAB3004',CURRENT_TIMESTAMP + INTERVAL 3 MINUTE +INTERVAL 30 SECOND,0.00000000000003);
    INSERT INTO Dati VALUES('A9','AAAB3004',CURRENT_TIMESTAMP + INTERVAL 4 MINUTE,0.00000000000003);
    INSERT INTO Dati VALUES('A9','AAAB3004',CURRENT_TIMESTAMP + INTERVAL 4 MINUTE +INTERVAL 30 SECOND,0.00000000000003);
INSERT INTO Sensore VALUES('B1','AAAB3001',40,FALSE,'Barometro');
	INSERT INTO Dati VALUES('B1','AAAB3001',CURRENT_TIMESTAMP,18);
    INSERT INTO Dati VALUES('B1','AAAB3001',CURRENT_TIMESTAMP + INTERVAL 30 SECOND,18);
    INSERT INTO Dati VALUES('B1','AAAB3001',CURRENT_TIMESTAMP + INTERVAL 1 MINUTE,18);
    INSERT INTO Dati VALUES('B1','AAAB3001',CURRENT_TIMESTAMP + INTERVAL 1 MINUTE +INTERVAL 30 SECOND,17);
	INSERT INTO Dati VALUES('B1','AAAB3001',CURRENT_TIMESTAMP + INTERVAL 2 MINUTE,17);
    INSERT INTO Dati VALUES('B1','AAAB3001',CURRENT_TIMESTAMP + INTERVAL 2 MINUTE +INTERVAL 30 SECOND,17);
    INSERT INTO Dati VALUES('B1','AAAB3001',CURRENT_TIMESTAMP + INTERVAL 3 MINUTE,17);
    INSERT INTO Dati VALUES('B1','AAAB3001',CURRENT_TIMESTAMP + INTERVAL 3 MINUTE +INTERVAL 30 SECOND,17);
    INSERT INTO Dati VALUES('B1','AAAB3001',CURRENT_TIMESTAMP + INTERVAL 4 MINUTE,16);
    INSERT INTO Dati VALUES('B1','AAAB3001',CURRENT_TIMESTAMP + INTERVAL 4 MINUTE +INTERVAL 30 SECOND,16);
INSERT INTO Sensore VALUES('B2','AAAB3002',40,FALSE,'Barometro');
	INSERT INTO Dati VALUES('B2','AAAB3002',CURRENT_TIMESTAMP,17);
    INSERT INTO Dati VALUES('B2','AAAB3002',CURRENT_TIMESTAMP + INTERVAL 30 SECOND,17);
    INSERT INTO Dati VALUES('B2','AAAB3002',CURRENT_TIMESTAMP + INTERVAL 1 MINUTE,17);
    INSERT INTO Dati VALUES('B2','AAAB3002',CURRENT_TIMESTAMP + INTERVAL 1 MINUTE +INTERVAL 30 SECOND,17);
	INSERT INTO Dati VALUES('B2','AAAB3002',CURRENT_TIMESTAMP + INTERVAL 2 MINUTE,17);
    INSERT INTO Dati VALUES('B2','AAAB3002',CURRENT_TIMESTAMP + INTERVAL 2 MINUTE +INTERVAL 30 SECOND,17);
    INSERT INTO Dati VALUES('B2','AAAB3002',CURRENT_TIMESTAMP + INTERVAL 3 MINUTE,16);
    INSERT INTO Dati VALUES('B2','AAAB3002',CURRENT_TIMESTAMP + INTERVAL 3 MINUTE +INTERVAL 30 SECOND,16);
    INSERT INTO Dati VALUES('B2','AAAB3002',CURRENT_TIMESTAMP + INTERVAL 4 MINUTE,16);
    INSERT INTO Dati VALUES('B2','AAAB3002',CURRENT_TIMESTAMP + INTERVAL 4 MINUTE +INTERVAL 30 SECOND,17);
INSERT INTO Sensore VALUES('B3','AAAB3003',40,FALSE,'Barometro');
	INSERT INTO Dati VALUES('B3','AAAB3003',CURRENT_TIMESTAMP,17);
    INSERT INTO Dati VALUES('B3','AAAB3003',CURRENT_TIMESTAMP + INTERVAL 30 SECOND,17);
    INSERT INTO Dati VALUES('B3','AAAB3003',CURRENT_TIMESTAMP + INTERVAL 1 MINUTE,17);
    INSERT INTO Dati VALUES('B3','AAAB3003',CURRENT_TIMESTAMP + INTERVAL 1 MINUTE +INTERVAL 30 SECOND,17);
	INSERT INTO Dati VALUES('B3','AAAB3003',CURRENT_TIMESTAMP + INTERVAL 2 MINUTE,17);
    INSERT INTO Dati VALUES('B3','AAAB3003',CURRENT_TIMESTAMP + INTERVAL 2 MINUTE +INTERVAL 30 SECOND,17);
    INSERT INTO Dati VALUES('B3','AAAB3003',CURRENT_TIMESTAMP + INTERVAL 3 MINUTE,17);
    INSERT INTO Dati VALUES('B3','AAAB3003',CURRENT_TIMESTAMP + INTERVAL 3 MINUTE +INTERVAL 30 SECOND,16);
    INSERT INTO Dati VALUES('B3','AAAB3003',CURRENT_TIMESTAMP + INTERVAL 4 MINUTE,16);
    INSERT INTO Dati VALUES('B3','AAAB3003',CURRENT_TIMESTAMP + INTERVAL 4 MINUTE +INTERVAL 30 SECOND,16);
INSERT INTO Sensore VALUES('B4','AAAB3004',40,FALSE,'Barometro');
	INSERT INTO Dati VALUES('B4','AAAB3004',CURRENT_TIMESTAMP,16);
    INSERT INTO Dati VALUES('B4','AAAB3004',CURRENT_TIMESTAMP + INTERVAL 30 SECOND,16);
    INSERT INTO Dati VALUES('B4','AAAB3004',CURRENT_TIMESTAMP + INTERVAL 1 MINUTE,16);
    INSERT INTO Dati VALUES('B4','AAAB3004',CURRENT_TIMESTAMP + INTERVAL 1 MINUTE +INTERVAL 30 SECOND,16);
	INSERT INTO Dati VALUES('B4','AAAB3004',CURRENT_TIMESTAMP + INTERVAL 2 MINUTE,17);
    INSERT INTO Dati VALUES('B4','AAAB3004',CURRENT_TIMESTAMP + INTERVAL 2 MINUTE +INTERVAL 30 SECOND,17);
    INSERT INTO Dati VALUES('B4','AAAB3004',CURRENT_TIMESTAMP + INTERVAL 3 MINUTE,17);
    INSERT INTO Dati VALUES('B4','AAAB3004',CURRENT_TIMESTAMP + INTERVAL 3 MINUTE +INTERVAL 30 SECOND,18);
    INSERT INTO Dati VALUES('B4','AAAB3004',CURRENT_TIMESTAMP + INTERVAL 4 MINUTE,18);
    INSERT INTO Dati VALUES('B4','AAAB3004',CURRENT_TIMESTAMP + INTERVAL 4 MINUTE +INTERVAL 30 SECOND,18);
INSERT INTO Sensore VALUES('B5','AAAB3002',5,FALSE,'Fessurimetro');
	INSERT INTO Dati VALUES('B5','AAAB3002',CURRENT_TIMESTAMP,0.023);
    INSERT INTO Dati VALUES('B5','AAAB3002',CURRENT_TIMESTAMP + INTERVAL 30 SECOND,0.023);
    INSERT INTO Dati VALUES('B5','AAAB3002',CURRENT_TIMESTAMP + INTERVAL 1 MINUTE,0.023);
    INSERT INTO Dati VALUES('B5','AAAB3002',CURRENT_TIMESTAMP + INTERVAL 1 MINUTE +INTERVAL 30 SECOND,0.023);
	INSERT INTO Dati VALUES('B5','AAAB3002',CURRENT_TIMESTAMP + INTERVAL 2 MINUTE,0.023);
    INSERT INTO Dati VALUES('B5','AAAB3002',CURRENT_TIMESTAMP + INTERVAL 2 MINUTE +INTERVAL 30 SECOND,0.023);
    INSERT INTO Dati VALUES('B5','AAAB3002',CURRENT_TIMESTAMP + INTERVAL 3 MINUTE,0.023);
    INSERT INTO Dati VALUES('B5','AAAB3002',CURRENT_TIMESTAMP + INTERVAL 3 MINUTE +INTERVAL 30 SECOND,0.023);
    INSERT INTO Dati VALUES('B5','AAAB3002',CURRENT_TIMESTAMP + INTERVAL 4 MINUTE,0.023);
    INSERT INTO Dati VALUES('B5','AAAB3002',CURRENT_TIMESTAMP + INTERVAL 4 MINUTE +INTERVAL 30 SECOND,0.023);

INSERT INTO Sensore VALUES('A1','AAAC3002',5,TRUE,'Terremoto');
INSERT INTO Sensore VALUES('A2','AAAC3001',60,FALSE,'Igrometro');
	INSERT INTO Dati VALUES('A2','AAAC3001',CURRENT_TIMESTAMP,16);
    INSERT INTO Dati VALUES('A2','AAAC3001',CURRENT_TIMESTAMP + INTERVAL 30 SECOND,16);
    INSERT INTO Dati VALUES('A2','AAAC3001',CURRENT_TIMESTAMP + INTERVAL 1 MINUTE,16);
    INSERT INTO Dati VALUES('A2','AAAC3001',CURRENT_TIMESTAMP + INTERVAL 1 MINUTE +INTERVAL 30 SECOND,15);
	INSERT INTO Dati VALUES('A2','AAAC3001',CURRENT_TIMESTAMP + INTERVAL 2 MINUTE,15);
    INSERT INTO Dati VALUES('A2','AAAC3001',CURRENT_TIMESTAMP + INTERVAL 2 MINUTE +INTERVAL 30 SECOND,15);
    INSERT INTO Dati VALUES('A2','AAAC3001',CURRENT_TIMESTAMP + INTERVAL 3 MINUTE,15);
    INSERT INTO Dati VALUES('A2','AAAC3001',CURRENT_TIMESTAMP + INTERVAL 3 MINUTE +INTERVAL 30 SECOND,16);
    INSERT INTO Dati VALUES('A2','AAAC3001',CURRENT_TIMESTAMP + INTERVAL 4 MINUTE,16);
    INSERT INTO Dati VALUES('A2','AAAC3001',CURRENT_TIMESTAMP + INTERVAL 4 MINUTE +INTERVAL 30 SECOND,17);
INSERT INTO Sensore VALUES('A3','AAAC3004',60,FALSE,'Igrometro');
	INSERT INTO Dati VALUES('A3','AAAC3004',CURRENT_TIMESTAMP,17);
    INSERT INTO Dati VALUES('A3','AAAC3004',CURRENT_TIMESTAMP + INTERVAL 30 SECOND,17);
    INSERT INTO Dati VALUES('A3','AAAC3004',CURRENT_TIMESTAMP + INTERVAL 1 MINUTE,17);
    INSERT INTO Dati VALUES('A3','AAAC3004',CURRENT_TIMESTAMP + INTERVAL 1 MINUTE +INTERVAL 30 SECOND,16);
	INSERT INTO Dati VALUES('A3','AAAC3004',CURRENT_TIMESTAMP + INTERVAL 2 MINUTE,16);
    INSERT INTO Dati VALUES('A3','AAAC3004',CURRENT_TIMESTAMP + INTERVAL 2 MINUTE +INTERVAL 30 SECOND,15);
    INSERT INTO Dati VALUES('A3','AAAC3004',CURRENT_TIMESTAMP + INTERVAL 3 MINUTE,15);
    INSERT INTO Dati VALUES('A3','AAAC3004',CURRENT_TIMESTAMP + INTERVAL 3 MINUTE +INTERVAL 30 SECOND,15);
    INSERT INTO Dati VALUES('A3','AAAC3004',CURRENT_TIMESTAMP + INTERVAL 4 MINUTE,16);
    INSERT INTO Dati VALUES('A3','AAAC3004',CURRENT_TIMESTAMP + INTERVAL 4 MINUTE +INTERVAL 30 SECOND,16);
INSERT INTO Sensore VALUES('A4','AAAC3001',45,FALSE,'Termostato');
	INSERT INTO Dati VALUES('A4','AAAC3001',CURRENT_TIMESTAMP,23.4);
    INSERT INTO Dati VALUES('A4','AAAC3001',CURRENT_TIMESTAMP + INTERVAL 30 SECOND,23.4);
    INSERT INTO Dati VALUES('A4','AAAC3001',CURRENT_TIMESTAMP + INTERVAL 1 MINUTE,23.4);
    INSERT INTO Dati VALUES('A4','AAAC3001',CURRENT_TIMESTAMP + INTERVAL 1 MINUTE +INTERVAL 30 SECOND,23.5);
	INSERT INTO Dati VALUES('A4','AAAC3001',CURRENT_TIMESTAMP + INTERVAL 2 MINUTE,23.5);
    INSERT INTO Dati VALUES('A4','AAAC3001',CURRENT_TIMESTAMP + INTERVAL 2 MINUTE +INTERVAL 30 SECOND,23.5);
    INSERT INTO Dati VALUES('A4','AAAC3001',CURRENT_TIMESTAMP + INTERVAL 3 MINUTE,23.6);
    INSERT INTO Dati VALUES('A4','AAAC3001',CURRENT_TIMESTAMP + INTERVAL 3 MINUTE +INTERVAL 30 SECOND,23.6);
    INSERT INTO Dati VALUES('A4','AAAC3001',CURRENT_TIMESTAMP + INTERVAL 4 MINUTE,23.5);
    INSERT INTO Dati VALUES('A4','AAAC3001',CURRENT_TIMESTAMP + INTERVAL 4 MINUTE +INTERVAL 30 SECOND,23.5);
INSERT INTO Sensore VALUES('A5','AAAC3004',45,FALSE,'Termostato');
	INSERT INTO Dati VALUES('A5','AAAC3004',CURRENT_TIMESTAMP,23.7);
    INSERT INTO Dati VALUES('A5','AAAC3004',CURRENT_TIMESTAMP + INTERVAL 30 SECOND,23.7);
    INSERT INTO Dati VALUES('A5','AAAC3004',CURRENT_TIMESTAMP + INTERVAL 1 MINUTE,23.7);
    INSERT INTO Dati VALUES('A5','AAAC3004',CURRENT_TIMESTAMP + INTERVAL 1 MINUTE +INTERVAL 30 SECOND,23.7);
	INSERT INTO Dati VALUES('A5','AAAC3004',CURRENT_TIMESTAMP + INTERVAL 2 MINUTE,23.6);
    INSERT INTO Dati VALUES('A5','AAAC3004',CURRENT_TIMESTAMP + INTERVAL 2 MINUTE +INTERVAL 30 SECOND,23.6);
    INSERT INTO Dati VALUES('A5','AAAC3004',CURRENT_TIMESTAMP + INTERVAL 3 MINUTE,23.6);
    INSERT INTO Dati VALUES('A5','AAAC3004',CURRENT_TIMESTAMP + INTERVAL 3 MINUTE +INTERVAL 30 SECOND,23.6);
    INSERT INTO Dati VALUES('A5','AAAC3004',CURRENT_TIMESTAMP + INTERVAL 4 MINUTE,23.6);
    INSERT INTO Dati VALUES('A5','AAAC3004',CURRENT_TIMESTAMP + INTERVAL 4 MINUTE +INTERVAL 30 SECOND,23.6);
INSERT INTO Sensore VALUES('A6','AAAC3002',0.00005,FALSE,'Accelerometro');
	INSERT INTO Dati VALUES('A6','AAAC3002',CURRENT_TIMESTAMP,0.000000000000000019);
    INSERT INTO Dati VALUES('A6','AAAC3002',CURRENT_TIMESTAMP + INTERVAL 30 SECOND,0.000000000000000019);
    INSERT INTO Dati VALUES('A6','AAAC3002',CURRENT_TIMESTAMP + INTERVAL 1 MINUTE,0.000000000000000019);
    INSERT INTO Dati VALUES('A6','AAAC3002',CURRENT_TIMESTAMP + INTERVAL 1 MINUTE +INTERVAL 30 SECOND,0.000000000000000019);
	INSERT INTO Dati VALUES('A6','AAAC3002',CURRENT_TIMESTAMP + INTERVAL 2 MINUTE,0.000000000000000019);
    INSERT INTO Dati VALUES('A6','AAAC3002',CURRENT_TIMESTAMP + INTERVAL 2 MINUTE +INTERVAL 30 SECOND,0.000000000000000019);
    INSERT INTO Dati VALUES('A6','AAAC3002',CURRENT_TIMESTAMP + INTERVAL 3 MINUTE,0.000000000000000019);
    INSERT INTO Dati VALUES('A6','AAAC3002',CURRENT_TIMESTAMP + INTERVAL 3 MINUTE +INTERVAL 30 SECOND,0.000000000000000019);
    INSERT INTO Dati VALUES('A6','AAAC3002',CURRENT_TIMESTAMP + INTERVAL 4 MINUTE,0.000000000000000019);
    INSERT INTO Dati VALUES('A6','AAAC3002',CURRENT_TIMESTAMP + INTERVAL 4 MINUTE +INTERVAL 30 SECOND,0.000000000000000019);
INSERT INTO Sensore VALUES('A7','AAAC3004',0.00005,FALSE,'Accelerometro');
	INSERT INTO Dati VALUES('A7','AAAC3004',CURRENT_TIMESTAMP,0.000000000000000018);
    INSERT INTO Dati VALUES('A7','AAAC3004',CURRENT_TIMESTAMP + INTERVAL 30 SECOND,0.000000000000000018);
    INSERT INTO Dati VALUES('A7','AAAC3004',CURRENT_TIMESTAMP + INTERVAL 1 MINUTE,0.000000000000000018);
    INSERT INTO Dati VALUES('A7','AAAC3004',CURRENT_TIMESTAMP + INTERVAL 1 MINUTE +INTERVAL 30 SECOND,0.000000000000000018);
	INSERT INTO Dati VALUES('A7','AAAC3004',CURRENT_TIMESTAMP + INTERVAL 2 MINUTE,0.000000000000000018);
    INSERT INTO Dati VALUES('A7','AAAC3004',CURRENT_TIMESTAMP + INTERVAL 2 MINUTE +INTERVAL 30 SECOND,0.000000000000000018);
    INSERT INTO Dati VALUES('A7','AAAC3004',CURRENT_TIMESTAMP + INTERVAL 3 MINUTE,0.000000000000000018);
    INSERT INTO Dati VALUES('A7','AAAC3004',CURRENT_TIMESTAMP + INTERVAL 3 MINUTE +INTERVAL 30 SECOND,0.000000000000000018);
    INSERT INTO Dati VALUES('A7','AAAC3004',CURRENT_TIMESTAMP + INTERVAL 4 MINUTE,0.000000000000000018);
    INSERT INTO Dati VALUES('A7','AAAC3004',CURRENT_TIMESTAMP + INTERVAL 4 MINUTE +INTERVAL 30 SECOND,0.000000000000000018);
INSERT INTO Sensore VALUES('A8','AAAC3002',0.00005,FALSE,'Velocimetro');
	INSERT INTO Dati VALUES('A8','AAAC3002',CURRENT_TIMESTAMP,0.00000000000004);
    INSERT INTO Dati VALUES('A8','AAAC3002',CURRENT_TIMESTAMP + INTERVAL 30 SECOND,0.00000000000004);
    INSERT INTO Dati VALUES('A8','AAAC3002',CURRENT_TIMESTAMP + INTERVAL 1 MINUTE,0.00000000000004);
    INSERT INTO Dati VALUES('A8','AAAC3002',CURRENT_TIMESTAMP + INTERVAL 1 MINUTE +INTERVAL 30 SECOND,0.00000000000004);
	INSERT INTO Dati VALUES('A8','AAAC3002',CURRENT_TIMESTAMP + INTERVAL 2 MINUTE,0.00000000000004);
    INSERT INTO Dati VALUES('A8','AAAC3002',CURRENT_TIMESTAMP + INTERVAL 2 MINUTE +INTERVAL 30 SECOND,0.00000000000004);
    INSERT INTO Dati VALUES('A8','AAAC3002',CURRENT_TIMESTAMP + INTERVAL 3 MINUTE,0.00000000000004);
    INSERT INTO Dati VALUES('A8','AAAC3002',CURRENT_TIMESTAMP + INTERVAL 3 MINUTE +INTERVAL 30 SECOND,0.00000000000004);
    INSERT INTO Dati VALUES('A8','AAAC3002',CURRENT_TIMESTAMP + INTERVAL 4 MINUTE,0.00000000000004);
    INSERT INTO Dati VALUES('A8','AAAC3002',CURRENT_TIMESTAMP + INTERVAL 4 MINUTE +INTERVAL 30 SECOND,0.00000000000004);
INSERT INTO Sensore VALUES('A9','AAAC3004',0.00005,FALSE,'Velocimetro');
	INSERT INTO Dati VALUES('A9','AAAC3004',CURRENT_TIMESTAMP,0.00000000000004);
    INSERT INTO Dati VALUES('A9','AAAC3004',CURRENT_TIMESTAMP + INTERVAL 30 SECOND,0.00000000000004);
    INSERT INTO Dati VALUES('A9','AAAC3004',CURRENT_TIMESTAMP + INTERVAL 1 MINUTE,0.00000000000004);
    INSERT INTO Dati VALUES('A9','AAAC3004',CURRENT_TIMESTAMP + INTERVAL 1 MINUTE +INTERVAL 30 SECOND,0.00000000000004);
	INSERT INTO Dati VALUES('A9','AAAC3004',CURRENT_TIMESTAMP + INTERVAL 2 MINUTE,0.00000000000004);
    INSERT INTO Dati VALUES('A9','AAAC3004',CURRENT_TIMESTAMP + INTERVAL 2 MINUTE +INTERVAL 30 SECOND,0.00000000000004);
    INSERT INTO Dati VALUES('A9','AAAC3004',CURRENT_TIMESTAMP + INTERVAL 3 MINUTE,0.00000000000004);
    INSERT INTO Dati VALUES('A9','AAAC3004',CURRENT_TIMESTAMP + INTERVAL 3 MINUTE +INTERVAL 30 SECOND,0.00000000000004);
    INSERT INTO Dati VALUES('A9','AAAC3004',CURRENT_TIMESTAMP + INTERVAL 4 MINUTE,0.00000000000004);
    INSERT INTO Dati VALUES('A9','AAAC3004',CURRENT_TIMESTAMP + INTERVAL 4 MINUTE +INTERVAL 30 SECOND,0.00000000000004);
INSERT INTO Sensore VALUES('B1','AAAC3001',40,FALSE,'Barometro');
	INSERT INTO Dati VALUES('B1','AAAC3001',CURRENT_TIMESTAMP,21);
    INSERT INTO Dati VALUES('B1','AAAC3001',CURRENT_TIMESTAMP + INTERVAL 30 SECOND,22);
    INSERT INTO Dati VALUES('B1','AAAC3001',CURRENT_TIMESTAMP + INTERVAL 1 MINUTE,22);
    INSERT INTO Dati VALUES('B1','AAAC3001',CURRENT_TIMESTAMP + INTERVAL 1 MINUTE +INTERVAL 30 SECOND,22);
	INSERT INTO Dati VALUES('B1','AAAC3001',CURRENT_TIMESTAMP + INTERVAL 2 MINUTE,22);
    INSERT INTO Dati VALUES('B1','AAAC3001',CURRENT_TIMESTAMP + INTERVAL 2 MINUTE +INTERVAL 30 SECOND,23);
    INSERT INTO Dati VALUES('B1','AAAC3001',CURRENT_TIMESTAMP + INTERVAL 3 MINUTE,23);
    INSERT INTO Dati VALUES('B1','AAAC3001',CURRENT_TIMESTAMP + INTERVAL 3 MINUTE +INTERVAL 30 SECOND,22);
    INSERT INTO Dati VALUES('B1','AAAC3001',CURRENT_TIMESTAMP + INTERVAL 4 MINUTE,22);
    INSERT INTO Dati VALUES('B1','AAAC3001',CURRENT_TIMESTAMP + INTERVAL 4 MINUTE +INTERVAL 30 SECOND,22);
INSERT INTO Sensore VALUES('B2','AAAC3002',40,FALSE,'Barometro');
	INSERT INTO Dati VALUES('B2','AAAC3002',CURRENT_TIMESTAMP,20);
    INSERT INTO Dati VALUES('B2','AAAC3002',CURRENT_TIMESTAMP + INTERVAL 30 SECOND,20);
    INSERT INTO Dati VALUES('B2','AAAC3002',CURRENT_TIMESTAMP + INTERVAL 1 MINUTE,20);
    INSERT INTO Dati VALUES('B2','AAAC3002',CURRENT_TIMESTAMP + INTERVAL 1 MINUTE +INTERVAL 30 SECOND,21);
	INSERT INTO Dati VALUES('B2','AAAC3002',CURRENT_TIMESTAMP + INTERVAL 2 MINUTE,21);
    INSERT INTO Dati VALUES('B2','AAAC3002',CURRENT_TIMESTAMP + INTERVAL 2 MINUTE +INTERVAL 30 SECOND,22);
    INSERT INTO Dati VALUES('B2','AAAC3002',CURRENT_TIMESTAMP + INTERVAL 3 MINUTE,22);
    INSERT INTO Dati VALUES('B2','AAAC3002',CURRENT_TIMESTAMP + INTERVAL 3 MINUTE +INTERVAL 30 SECOND,22);
    INSERT INTO Dati VALUES('B2','AAAC3002',CURRENT_TIMESTAMP + INTERVAL 4 MINUTE,23);
    INSERT INTO Dati VALUES('B2','AAAC3002',CURRENT_TIMESTAMP + INTERVAL 4 MINUTE +INTERVAL 30 SECOND,23);
INSERT INTO Sensore VALUES('B3','AAAC3003',40,FALSE,'Barometro');
	INSERT INTO Dati VALUES('B3','AAAC3003',CURRENT_TIMESTAMP,22);
    INSERT INTO Dati VALUES('B3','AAAC3003',CURRENT_TIMESTAMP + INTERVAL 30 SECOND,22);
    INSERT INTO Dati VALUES('B3','AAAC3003',CURRENT_TIMESTAMP + INTERVAL 1 MINUTE,22);
    INSERT INTO Dati VALUES('B3','AAAC3003',CURRENT_TIMESTAMP + INTERVAL 1 MINUTE +INTERVAL 30 SECOND,21);
	INSERT INTO Dati VALUES('B3','AAAC3003',CURRENT_TIMESTAMP + INTERVAL 2 MINUTE,21);
    INSERT INTO Dati VALUES('B3','AAAC3003',CURRENT_TIMESTAMP + INTERVAL 2 MINUTE +INTERVAL 30 SECOND,21);
    INSERT INTO Dati VALUES('B3','AAAC3003',CURRENT_TIMESTAMP + INTERVAL 3 MINUTE,20);
    INSERT INTO Dati VALUES('B3','AAAC3003',CURRENT_TIMESTAMP + INTERVAL 3 MINUTE +INTERVAL 30 SECOND,20);
    INSERT INTO Dati VALUES('B3','AAAC3003',CURRENT_TIMESTAMP + INTERVAL 4 MINUTE,21);
    INSERT INTO Dati VALUES('B3','AAAC3003',CURRENT_TIMESTAMP + INTERVAL 4 MINUTE +INTERVAL 30 SECOND,21);
INSERT INTO Sensore VALUES('B4','AAAC3004',40,FALSE,'Barometro');
	INSERT INTO Dati VALUES('B4','AAAC3004',CURRENT_TIMESTAMP,21);
    INSERT INTO Dati VALUES('B4','AAAC3004',CURRENT_TIMESTAMP + INTERVAL 30 SECOND,21);
    INSERT INTO Dati VALUES('B4','AAAC3004',CURRENT_TIMESTAMP + INTERVAL 1 MINUTE,21);
    INSERT INTO Dati VALUES('B4','AAAC3004',CURRENT_TIMESTAMP + INTERVAL 1 MINUTE +INTERVAL 30 SECOND,21);
	INSERT INTO Dati VALUES('B4','AAAC3004',CURRENT_TIMESTAMP + INTERVAL 2 MINUTE,21);
    INSERT INTO Dati VALUES('B4','AAAC3004',CURRENT_TIMESTAMP + INTERVAL 2 MINUTE +INTERVAL 30 SECOND,22);
    INSERT INTO Dati VALUES('B4','AAAC3004',CURRENT_TIMESTAMP + INTERVAL 3 MINUTE,22);
    INSERT INTO Dati VALUES('B4','AAAC3004',CURRENT_TIMESTAMP + INTERVAL 3 MINUTE +INTERVAL 30 SECOND,22);
    INSERT INTO Dati VALUES('B4','AAAC3004',CURRENT_TIMESTAMP + INTERVAL 4 MINUTE,22);
    INSERT INTO Dati VALUES('B4','AAAC3004',CURRENT_TIMESTAMP + INTERVAL 4 MINUTE +INTERVAL 30 SECOND,22);

INSERT INTO Sensore VALUES('A1','AAAB2003',5,TRUE,'Terremoto');
INSERT INTO Sensore VALUES('A2','AAAB2!01',60,FALSE,'Igrometro');
	INSERT INTO Dati VALUES('A2','AAAB2!01',CURRENT_TIMESTAMP,24);
    INSERT INTO Dati VALUES('A2','AAAB2!01',CURRENT_TIMESTAMP + INTERVAL 30 SECOND,24);
    INSERT INTO Dati VALUES('A2','AAAB2!01',CURRENT_TIMESTAMP + INTERVAL 1 MINUTE,24);
    INSERT INTO Dati VALUES('A2','AAAB2!01',CURRENT_TIMESTAMP + INTERVAL 1 MINUTE +INTERVAL 30 SECOND,24);
	INSERT INTO Dati VALUES('A2','AAAB2!01',CURRENT_TIMESTAMP + INTERVAL 2 MINUTE,24);
    INSERT INTO Dati VALUES('A2','AAAB2!01',CURRENT_TIMESTAMP + INTERVAL 2 MINUTE +INTERVAL 30 SECOND,23);
    INSERT INTO Dati VALUES('A2','AAAB2!01',CURRENT_TIMESTAMP + INTERVAL 3 MINUTE,23);
    INSERT INTO Dati VALUES('A2','AAAB2!01',CURRENT_TIMESTAMP + INTERVAL 3 MINUTE +INTERVAL 30 SECOND,23);
    INSERT INTO Dati VALUES('A2','AAAB2!01',CURRENT_TIMESTAMP + INTERVAL 4 MINUTE,22);
    INSERT INTO Dati VALUES('A2','AAAB2!01',CURRENT_TIMESTAMP + INTERVAL 4 MINUTE +INTERVAL 30 SECOND,22);
INSERT INTO Sensore VALUES('A3','AAAB2!02',60,FALSE,'Igrometro');
	INSERT INTO Dati VALUES('A3','AAAB2!02',CURRENT_TIMESTAMP,23);
    INSERT INTO Dati VALUES('A3','AAAB2!02',CURRENT_TIMESTAMP + INTERVAL 30 SECOND,23);
    INSERT INTO Dati VALUES('A3','AAAB2!02',CURRENT_TIMESTAMP + INTERVAL 1 MINUTE,23);
    INSERT INTO Dati VALUES('A3','AAAB2!02',CURRENT_TIMESTAMP + INTERVAL 1 MINUTE +INTERVAL 30 SECOND,23);
	INSERT INTO Dati VALUES('A3','AAAB2!02',CURRENT_TIMESTAMP + INTERVAL 2 MINUTE,22);
    INSERT INTO Dati VALUES('A3','AAAB2!02',CURRENT_TIMESTAMP + INTERVAL 2 MINUTE +INTERVAL 30 SECOND,22);
    INSERT INTO Dati VALUES('A3','AAAB2!02',CURRENT_TIMESTAMP + INTERVAL 3 MINUTE,22);
    INSERT INTO Dati VALUES('A3','AAAB2!02',CURRENT_TIMESTAMP + INTERVAL 3 MINUTE +INTERVAL 30 SECOND,22);
    INSERT INTO Dati VALUES('A3','AAAB2!02',CURRENT_TIMESTAMP + INTERVAL 4 MINUTE,21);
    INSERT INTO Dati VALUES('A3','AAAB2!02',CURRENT_TIMESTAMP + INTERVAL 4 MINUTE +INTERVAL 30 SECOND,21);
INSERT INTO Sensore VALUES('A4','AAAB2!01',0.0005,FALSE,'Accelerometro');
	INSERT INTO Dati VALUES('A4','AAAB2!01',CURRENT_TIMESTAMP,0.000000000000000013);
    INSERT INTO Dati VALUES('A4','AAAB2!01',CURRENT_TIMESTAMP + INTERVAL 30 SECOND,0.000000000000000013);
    INSERT INTO Dati VALUES('A4','AAAB2!01',CURRENT_TIMESTAMP + INTERVAL 1 MINUTE,0.000000000000000013);
    INSERT INTO Dati VALUES('A4','AAAB2!01',CURRENT_TIMESTAMP + INTERVAL 1 MINUTE +INTERVAL 30 SECOND,0.000000000000000013);
	INSERT INTO Dati VALUES('A4','AAAB2!01',CURRENT_TIMESTAMP + INTERVAL 2 MINUTE,0.000000000000000013);
    INSERT INTO Dati VALUES('A4','AAAB2!01',CURRENT_TIMESTAMP + INTERVAL 2 MINUTE +INTERVAL 30 SECOND,0.000000000000000013);
    INSERT INTO Dati VALUES('A4','AAAB2!01',CURRENT_TIMESTAMP + INTERVAL 3 MINUTE,0.000000000000000013);
    INSERT INTO Dati VALUES('A4','AAAB2!01',CURRENT_TIMESTAMP + INTERVAL 3 MINUTE +INTERVAL 30 SECOND,0.000000000000000013);
    INSERT INTO Dati VALUES('A4','AAAB2!01',CURRENT_TIMESTAMP + INTERVAL 4 MINUTE,0.000000000000000013);
    INSERT INTO Dati VALUES('A4','AAAB2!01',CURRENT_TIMESTAMP + INTERVAL 4 MINUTE +INTERVAL 30 SECOND,0.000000000000000013);
INSERT INTO Sensore VALUES('A5','AAAB2!02',0.0005,FALSE,'Accelerometro');
	INSERT INTO Dati VALUES('A5','AAAB2!02',CURRENT_TIMESTAMP,0.000000000000000013);
    INSERT INTO Dati VALUES('A5','AAAB2!02',CURRENT_TIMESTAMP + INTERVAL 30 SECOND,0.000000000000000013);
    INSERT INTO Dati VALUES('A5','AAAB2!02',CURRENT_TIMESTAMP + INTERVAL 1 MINUTE,0.000000000000000013);
    INSERT INTO Dati VALUES('A5','AAAB2!02',CURRENT_TIMESTAMP + INTERVAL 1 MINUTE +INTERVAL 30 SECOND,0.000000000000000013);
	INSERT INTO Dati VALUES('A5','AAAB2!02',CURRENT_TIMESTAMP + INTERVAL 2 MINUTE,0.000000000000000013);
    INSERT INTO Dati VALUES('A5','AAAB2!02',CURRENT_TIMESTAMP + INTERVAL 2 MINUTE +INTERVAL 30 SECOND,0.000000000000000013);
    INSERT INTO Dati VALUES('A5','AAAB2!02',CURRENT_TIMESTAMP + INTERVAL 3 MINUTE,0.000000000000000013);
    INSERT INTO Dati VALUES('A5','AAAB2!02',CURRENT_TIMESTAMP + INTERVAL 3 MINUTE +INTERVAL 30 SECOND,0.000000000000000013);
    INSERT INTO Dati VALUES('A5','AAAB2!02',CURRENT_TIMESTAMP + INTERVAL 4 MINUTE,0.000000000000000013);
    INSERT INTO Dati VALUES('A5','AAAB2!02',CURRENT_TIMESTAMP + INTERVAL 4 MINUTE +INTERVAL 30 SECOND,0.000000000000000013);
INSERT INTO Sensore VALUES('A6','AAAB2!01',0.0005,FALSE,'Velocimetro');
	INSERT INTO Dati VALUES('A6','AAAB2!01',CURRENT_TIMESTAMP,0.00000000000002);
    INSERT INTO Dati VALUES('A6','AAAB2!01',CURRENT_TIMESTAMP + INTERVAL 30 SECOND,0.00000000000002);
    INSERT INTO Dati VALUES('A6','AAAB2!01',CURRENT_TIMESTAMP + INTERVAL 1 MINUTE,0.00000000000002);
    INSERT INTO Dati VALUES('A6','AAAB2!01',CURRENT_TIMESTAMP + INTERVAL 1 MINUTE +INTERVAL 30 SECOND,0.00000000000002);
	INSERT INTO Dati VALUES('A6','AAAB2!01',CURRENT_TIMESTAMP + INTERVAL 2 MINUTE,0.00000000000002);
    INSERT INTO Dati VALUES('A6','AAAB2!01',CURRENT_TIMESTAMP + INTERVAL 2 MINUTE +INTERVAL 30 SECOND,0.00000000000002);
    INSERT INTO Dati VALUES('A6','AAAB2!01',CURRENT_TIMESTAMP + INTERVAL 3 MINUTE,0.00000000000002);
    INSERT INTO Dati VALUES('A6','AAAB2!01',CURRENT_TIMESTAMP + INTERVAL 3 MINUTE +INTERVAL 30 SECOND,0.00000000000002);
    INSERT INTO Dati VALUES('A6','AAAB2!01',CURRENT_TIMESTAMP + INTERVAL 4 MINUTE,0.00000000000002);
    INSERT INTO Dati VALUES('A6','AAAB2!01',CURRENT_TIMESTAMP + INTERVAL 4 MINUTE +INTERVAL 30 SECOND,0.00000000000002);
INSERT INTO Sensore VALUES('A7','AAAB2!02',0.0005,FALSE,'Velocimetro');
	INSERT INTO Dati VALUES('A7','AAAB2!02',CURRENT_TIMESTAMP,0.00000000000002);
    INSERT INTO Dati VALUES('A7','AAAB2!02',CURRENT_TIMESTAMP + INTERVAL 30 SECOND,0.00000000000002);
    INSERT INTO Dati VALUES('A7','AAAB2!02',CURRENT_TIMESTAMP + INTERVAL 1 MINUTE,0.00000000000002);
    INSERT INTO Dati VALUES('A7','AAAB2!02',CURRENT_TIMESTAMP + INTERVAL 1 MINUTE +INTERVAL 30 SECOND,0.00000000000002);
	INSERT INTO Dati VALUES('A7','AAAB2!02',CURRENT_TIMESTAMP + INTERVAL 2 MINUTE,0.00000000000002);
    INSERT INTO Dati VALUES('A7','AAAB2!02',CURRENT_TIMESTAMP + INTERVAL 2 MINUTE +INTERVAL 30 SECOND,0.00000000000002);
    INSERT INTO Dati VALUES('A7','AAAB2!02',CURRENT_TIMESTAMP + INTERVAL 3 MINUTE,0.00000000000002);
    INSERT INTO Dati VALUES('A7','AAAB2!02',CURRENT_TIMESTAMP + INTERVAL 3 MINUTE +INTERVAL 30 SECOND,0.00000000000002);
    INSERT INTO Dati VALUES('A7','AAAB2!02',CURRENT_TIMESTAMP + INTERVAL 4 MINUTE,0.00000000000002);
    INSERT INTO Dati VALUES('A7','AAAB2!02',CURRENT_TIMESTAMP + INTERVAL 4 MINUTE +INTERVAL 30 SECOND,0.00000000000002);
INSERT INTO Sensore VALUES('A8','AAAB2002',60,FALSE,'Igrometro');
	INSERT INTO Dati VALUES('A8','AAAB2002',CURRENT_TIMESTAMP,16);
    INSERT INTO Dati VALUES('A8','AAAB2002',CURRENT_TIMESTAMP + INTERVAL 30 SECOND,16);
    INSERT INTO Dati VALUES('A8','AAAB2002',CURRENT_TIMESTAMP + INTERVAL 1 MINUTE,16);
    INSERT INTO Dati VALUES('A8','AAAB2002',CURRENT_TIMESTAMP + INTERVAL 1 MINUTE +INTERVAL 30 SECOND,16);
	INSERT INTO Dati VALUES('A8','AAAB2002',CURRENT_TIMESTAMP + INTERVAL 2 MINUTE,16);
    INSERT INTO Dati VALUES('A8','AAAB2002',CURRENT_TIMESTAMP + INTERVAL 2 MINUTE +INTERVAL 30 SECOND,16);
    INSERT INTO Dati VALUES('A8','AAAB2002',CURRENT_TIMESTAMP + INTERVAL 3 MINUTE,17);
    INSERT INTO Dati VALUES('A8','AAAB2002',CURRENT_TIMESTAMP + INTERVAL 3 MINUTE +INTERVAL 30 SECOND,17);
    INSERT INTO Dati VALUES('A8','AAAB2002',CURRENT_TIMESTAMP + INTERVAL 4 MINUTE,17);
    INSERT INTO Dati VALUES('A8','AAAB2002',CURRENT_TIMESTAMP + INTERVAL 4 MINUTE +INTERVAL 30 SECOND,17);
INSERT INTO Sensore VALUES('A9','AAAB2003',60,FALSE,'Igrometro');
	INSERT INTO Dati VALUES('A9','AAAB2003',CURRENT_TIMESTAMP,17);
    INSERT INTO Dati VALUES('A9','AAAB2003',CURRENT_TIMESTAMP + INTERVAL 30 SECOND,17);
    INSERT INTO Dati VALUES('A9','AAAB2003',CURRENT_TIMESTAMP + INTERVAL 1 MINUTE,17);
    INSERT INTO Dati VALUES('A9','AAAB2003',CURRENT_TIMESTAMP + INTERVAL 1 MINUTE +INTERVAL 30 SECOND,17);
	INSERT INTO Dati VALUES('A9','AAAB2003',CURRENT_TIMESTAMP + INTERVAL 2 MINUTE,18);
    INSERT INTO Dati VALUES('A9','AAAB2003',CURRENT_TIMESTAMP + INTERVAL 2 MINUTE +INTERVAL 30 SECOND,18);
    INSERT INTO Dati VALUES('A9','AAAB2003',CURRENT_TIMESTAMP + INTERVAL 3 MINUTE,17);
    INSERT INTO Dati VALUES('A9','AAAB2003',CURRENT_TIMESTAMP + INTERVAL 3 MINUTE +INTERVAL 30 SECOND,17);
    INSERT INTO Dati VALUES('A9','AAAB2003',CURRENT_TIMESTAMP + INTERVAL 4 MINUTE,16);
    INSERT INTO Dati VALUES('A9','AAAB2003',CURRENT_TIMESTAMP + INTERVAL 4 MINUTE +INTERVAL 30 SECOND,16);
INSERT INTO Sensore VALUES('B1','AAAB2002',45,FALSE,'Termostato');
	INSERT INTO Dati VALUES('B1','AAAB2002',CURRENT_TIMESTAMP,21.7);
    INSERT INTO Dati VALUES('B1','AAAB2002',CURRENT_TIMESTAMP + INTERVAL 30 SECOND,21.6);
    INSERT INTO Dati VALUES('B1','AAAB2002',CURRENT_TIMESTAMP + INTERVAL 1 MINUTE,21.6);
    INSERT INTO Dati VALUES('B1','AAAB2002',CURRENT_TIMESTAMP + INTERVAL 1 MINUTE +INTERVAL 30 SECOND,21.6);
	INSERT INTO Dati VALUES('B1','AAAB2002',CURRENT_TIMESTAMP + INTERVAL 2 MINUTE,21.5);
    INSERT INTO Dati VALUES('B1','AAAB2002',CURRENT_TIMESTAMP + INTERVAL 2 MINUTE +INTERVAL 30 SECOND,21.5);
    INSERT INTO Dati VALUES('B1','AAAB2002',CURRENT_TIMESTAMP + INTERVAL 3 MINUTE,21.5);
    INSERT INTO Dati VALUES('B1','AAAB2002',CURRENT_TIMESTAMP + INTERVAL 3 MINUTE +INTERVAL 30 SECOND,21.5);
    INSERT INTO Dati VALUES('B1','AAAB2002',CURRENT_TIMESTAMP + INTERVAL 4 MINUTE,21.5);
    INSERT INTO Dati VALUES('B1','AAAB2002',CURRENT_TIMESTAMP + INTERVAL 4 MINUTE +INTERVAL 30 SECOND,21.6);
INSERT INTO Sensore VALUES('B2','AAAB2003',45,FALSE,'Termostato');
	INSERT INTO Dati VALUES('B2','AAAB2003',CURRENT_TIMESTAMP,22.1);
    INSERT INTO Dati VALUES('B2','AAAB2003',CURRENT_TIMESTAMP + INTERVAL 30 SECOND,22.1);
    INSERT INTO Dati VALUES('B2','AAAB2003',CURRENT_TIMESTAMP + INTERVAL 1 MINUTE,22.1);
    INSERT INTO Dati VALUES('B2','AAAB2003',CURRENT_TIMESTAMP + INTERVAL 1 MINUTE +INTERVAL 30 SECOND,22.1);
	INSERT INTO Dati VALUES('B2','AAAB2003',CURRENT_TIMESTAMP + INTERVAL 2 MINUTE,22);
    INSERT INTO Dati VALUES('B2','AAAB2003',CURRENT_TIMESTAMP + INTERVAL 2 MINUTE +INTERVAL 30 SECOND,22);
    INSERT INTO Dati VALUES('B2','AAAB2003',CURRENT_TIMESTAMP + INTERVAL 3 MINUTE,21.9);
    INSERT INTO Dati VALUES('B2','AAAB2003',CURRENT_TIMESTAMP + INTERVAL 3 MINUTE +INTERVAL 30 SECOND,21.9);
    INSERT INTO Dati VALUES('B2','AAAB2003',CURRENT_TIMESTAMP + INTERVAL 4 MINUTE,21.9);
    INSERT INTO Dati VALUES('B2','AAAB2003',CURRENT_TIMESTAMP + INTERVAL 4 MINUTE +INTERVAL 30 SECOND,21.8);
INSERT INTO Sensore VALUES('B3','AAAB2001',40,FALSE,'Barometro');
	INSERT INTO Dati VALUES('B3','AAAB2001',CURRENT_TIMESTAMP,20);
    INSERT INTO Dati VALUES('B3','AAAB2001',CURRENT_TIMESTAMP + INTERVAL 30 SECOND,20);
    INSERT INTO Dati VALUES('B3','AAAB2001',CURRENT_TIMESTAMP + INTERVAL 1 MINUTE,20);
    INSERT INTO Dati VALUES('B3','AAAB2001',CURRENT_TIMESTAMP + INTERVAL 1 MINUTE +INTERVAL 30 SECOND,21);
	INSERT INTO Dati VALUES('B3','AAAB2001',CURRENT_TIMESTAMP + INTERVAL 2 MINUTE,21);
    INSERT INTO Dati VALUES('B3','AAAB2001',CURRENT_TIMESTAMP + INTERVAL 2 MINUTE +INTERVAL 30 SECOND,21);
    INSERT INTO Dati VALUES('B3','AAAB2001',CURRENT_TIMESTAMP + INTERVAL 3 MINUTE,21);
    INSERT INTO Dati VALUES('B3','AAAB2001',CURRENT_TIMESTAMP + INTERVAL 3 MINUTE +INTERVAL 30 SECOND,20);
    INSERT INTO Dati VALUES('B3','AAAB2001',CURRENT_TIMESTAMP + INTERVAL 4 MINUTE,20);
    INSERT INTO Dati VALUES('B3','AAAB2001',CURRENT_TIMESTAMP + INTERVAL 4 MINUTE +INTERVAL 30 SECOND,20);
INSERT INTO Sensore VALUES('B4','AAAB2002',40,FALSE,'Barometro');
	INSERT INTO Dati VALUES('B4','AAAB2002',CURRENT_TIMESTAMP,19);
    INSERT INTO Dati VALUES('B4','AAAB2002',CURRENT_TIMESTAMP + INTERVAL 30 SECOND,19);
    INSERT INTO Dati VALUES('B4','AAAB2002',CURRENT_TIMESTAMP + INTERVAL 1 MINUTE,19);
    INSERT INTO Dati VALUES('B4','AAAB2002',CURRENT_TIMESTAMP + INTERVAL 1 MINUTE +INTERVAL 30 SECOND,19);
	INSERT INTO Dati VALUES('B4','AAAB2002',CURRENT_TIMESTAMP + INTERVAL 2 MINUTE,19);
    INSERT INTO Dati VALUES('B4','AAAB2002',CURRENT_TIMESTAMP + INTERVAL 2 MINUTE +INTERVAL 30 SECOND,18);
    INSERT INTO Dati VALUES('B4','AAAB2002',CURRENT_TIMESTAMP + INTERVAL 3 MINUTE,18);
    INSERT INTO Dati VALUES('B4','AAAB2002',CURRENT_TIMESTAMP + INTERVAL 3 MINUTE +INTERVAL 30 SECOND,18);
    INSERT INTO Dati VALUES('B4','AAAB2002',CURRENT_TIMESTAMP + INTERVAL 4 MINUTE,18);
    INSERT INTO Dati VALUES('B4','AAAB2002',CURRENT_TIMESTAMP + INTERVAL 4 MINUTE +INTERVAL 30 SECOND,18);
INSERT INTO Sensore VALUES('B5','AAAB2003',40,FALSE,'Barometro');
	INSERT INTO Dati VALUES('B5','AAAB2003',CURRENT_TIMESTAMP,17);
    INSERT INTO Dati VALUES('B5','AAAB2003',CURRENT_TIMESTAMP + INTERVAL 30 SECOND,17);
    INSERT INTO Dati VALUES('B5','AAAB2003',CURRENT_TIMESTAMP + INTERVAL 1 MINUTE,17);
    INSERT INTO Dati VALUES('B5','AAAB2003',CURRENT_TIMESTAMP + INTERVAL 1 MINUTE +INTERVAL 30 SECOND,16);
	INSERT INTO Dati VALUES('B5','AAAB2003',CURRENT_TIMESTAMP + INTERVAL 2 MINUTE,16);
    INSERT INTO Dati VALUES('B5','AAAB2003',CURRENT_TIMESTAMP + INTERVAL 2 MINUTE +INTERVAL 30 SECOND,16);
    INSERT INTO Dati VALUES('B5','AAAB2003',CURRENT_TIMESTAMP + INTERVAL 3 MINUTE,16);
    INSERT INTO Dati VALUES('B5','AAAB2003',CURRENT_TIMESTAMP + INTERVAL 3 MINUTE +INTERVAL 30 SECOND,17);
    INSERT INTO Dati VALUES('B5','AAAB2003',CURRENT_TIMESTAMP + INTERVAL 4 MINUTE,17);
    INSERT INTO Dati VALUES('B5','AAAB2003',CURRENT_TIMESTAMP + INTERVAL 4 MINUTE +INTERVAL 30 SECOND,18);
INSERT INTO Sensore VALUES('B6','AAAB2004',40,FALSE,'Barometro');
	INSERT INTO Dati VALUES('B6','AAAB2004',CURRENT_TIMESTAMP,19);
    INSERT INTO Dati VALUES('B6','AAAB2004',CURRENT_TIMESTAMP + INTERVAL 30 SECOND,18);
    INSERT INTO Dati VALUES('B6','AAAB2004',CURRENT_TIMESTAMP + INTERVAL 1 MINUTE,18);
    INSERT INTO Dati VALUES('B6','AAAB2004',CURRENT_TIMESTAMP + INTERVAL 1 MINUTE +INTERVAL 30 SECOND,18);
	INSERT INTO Dati VALUES('B6','AAAB2004',CURRENT_TIMESTAMP + INTERVAL 2 MINUTE,18);
    INSERT INTO Dati VALUES('B6','AAAB2004',CURRENT_TIMESTAMP + INTERVAL 2 MINUTE +INTERVAL 30 SECOND,19);
    INSERT INTO Dati VALUES('B6','AAAB2004',CURRENT_TIMESTAMP + INTERVAL 3 MINUTE,19);
    INSERT INTO Dati VALUES('B6','AAAB2004',CURRENT_TIMESTAMP + INTERVAL 3 MINUTE +INTERVAL 30 SECOND,18);
    INSERT INTO Dati VALUES('B6','AAAB2004',CURRENT_TIMESTAMP + INTERVAL 4 MINUTE,18);
    INSERT INTO Dati VALUES('B6','AAAB2004',CURRENT_TIMESTAMP + INTERVAL 4 MINUTE +INTERVAL 30 SECOND,17);
INSERT INTO Sensore VALUES('B7','AAAB2002',0.00005,FALSE,'Accelerometro');
	INSERT INTO Dati VALUES('B7','AAAB2002',CURRENT_TIMESTAMP,0.000000000000000014);
    INSERT INTO Dati VALUES('B7','AAAB2002',CURRENT_TIMESTAMP + INTERVAL 30 SECOND,0.000000000000000014);
    INSERT INTO Dati VALUES('B7','AAAB2002',CURRENT_TIMESTAMP + INTERVAL 1 MINUTE,0.000000000000000014);
    INSERT INTO Dati VALUES('B7','AAAB2002',CURRENT_TIMESTAMP + INTERVAL 1 MINUTE +INTERVAL 30 SECOND,0.000000000000000014);
	INSERT INTO Dati VALUES('B7','AAAB2002',CURRENT_TIMESTAMP + INTERVAL 2 MINUTE,0.000000000000000014);
    INSERT INTO Dati VALUES('B7','AAAB2002',CURRENT_TIMESTAMP + INTERVAL 2 MINUTE +INTERVAL 30 SECOND,0.000000000000000014);
    INSERT INTO Dati VALUES('B7','AAAB2002',CURRENT_TIMESTAMP + INTERVAL 3 MINUTE,0.000000000000000014);
    INSERT INTO Dati VALUES('B7','AAAB2002',CURRENT_TIMESTAMP + INTERVAL 3 MINUTE +INTERVAL 30 SECOND,0.000000000000000014);
    INSERT INTO Dati VALUES('B7','AAAB2002',CURRENT_TIMESTAMP + INTERVAL 4 MINUTE,0.000000000000000014);
    INSERT INTO Dati VALUES('B7','AAAB2002',CURRENT_TIMESTAMP + INTERVAL 4 MINUTE +INTERVAL 30 SECOND,0.000000000000000014);
INSERT INTO Sensore VALUES('B8','AAAB2003',0.00005,FALSE,'Accelerometro');
	INSERT INTO Dati VALUES('B8','AAAB2003',CURRENT_TIMESTAMP,0.000000000000000014);
    INSERT INTO Dati VALUES('B8','AAAB2003',CURRENT_TIMESTAMP + INTERVAL 30 SECOND,0.000000000000000014);
    INSERT INTO Dati VALUES('B8','AAAB2003',CURRENT_TIMESTAMP + INTERVAL 1 MINUTE,0.000000000000000014);
    INSERT INTO Dati VALUES('B8','AAAB2003',CURRENT_TIMESTAMP + INTERVAL 1 MINUTE +INTERVAL 30 SECOND,0.000000000000000014);
	INSERT INTO Dati VALUES('B8','AAAB2003',CURRENT_TIMESTAMP + INTERVAL 2 MINUTE,0.000000000000000014);
    INSERT INTO Dati VALUES('B8','AAAB2003',CURRENT_TIMESTAMP + INTERVAL 2 MINUTE +INTERVAL 30 SECOND,0.000000000000000014);
    INSERT INTO Dati VALUES('B8','AAAB2003',CURRENT_TIMESTAMP + INTERVAL 3 MINUTE,0.000000000000000014);
    INSERT INTO Dati VALUES('B8','AAAB2003',CURRENT_TIMESTAMP + INTERVAL 3 MINUTE +INTERVAL 30 SECOND,0.000000000000000014);
    INSERT INTO Dati VALUES('B8','AAAB2003',CURRENT_TIMESTAMP + INTERVAL 4 MINUTE,0.000000000000000014);
    INSERT INTO Dati VALUES('B8','AAAB2003',CURRENT_TIMESTAMP + INTERVAL 4 MINUTE +INTERVAL 30 SECOND,0.000000000000000014);
INSERT INTO Sensore VALUES('B9','AAAB2002',0.0005,FALSE,'Velocimetro');
	INSERT INTO Dati VALUES('B9','AAAB2002',CURRENT_TIMESTAMP,0.0000000000003);
    INSERT INTO Dati VALUES('B9','AAAB2002',CURRENT_TIMESTAMP + INTERVAL 30 SECOND,0.00000000000003);
    INSERT INTO Dati VALUES('B9','AAAB2002',CURRENT_TIMESTAMP + INTERVAL 1 MINUTE,0.00000000000003);
    INSERT INTO Dati VALUES('B9','AAAB2002',CURRENT_TIMESTAMP + INTERVAL 1 MINUTE +INTERVAL 30 SECOND,0.00000000000003);
	INSERT INTO Dati VALUES('B9','AAAB2002',CURRENT_TIMESTAMP + INTERVAL 2 MINUTE,0.00000000000003);
    INSERT INTO Dati VALUES('B9','AAAB2002',CURRENT_TIMESTAMP + INTERVAL 2 MINUTE +INTERVAL 30 SECOND,0.00000000000003);
    INSERT INTO Dati VALUES('B9','AAAB2002',CURRENT_TIMESTAMP + INTERVAL 3 MINUTE,0.00000000000003);
    INSERT INTO Dati VALUES('B9','AAAB2002',CURRENT_TIMESTAMP + INTERVAL 3 MINUTE +INTERVAL 30 SECOND,0.00000000000003);
    INSERT INTO Dati VALUES('B9','AAAB2002',CURRENT_TIMESTAMP + INTERVAL 4 MINUTE,0.00000000000003);
    INSERT INTO Dati VALUES('B9','AAAB2002',CURRENT_TIMESTAMP + INTERVAL 4 MINUTE +INTERVAL 30 SECOND,0.00000000000003);
INSERT INTO Sensore VALUES('C1','AAAB2003',0.0005,FALSE,'Velocimetro');
	INSERT INTO Dati VALUES('C1','AAAB2003',CURRENT_TIMESTAMP,0.00000000000003);
    INSERT INTO Dati VALUES('C1','AAAB2003',CURRENT_TIMESTAMP + INTERVAL 30 SECOND,0.00000000000003);
    INSERT INTO Dati VALUES('C1','AAAB2003',CURRENT_TIMESTAMP + INTERVAL 1 MINUTE,0.00000000000003);
    INSERT INTO Dati VALUES('C1','AAAB2003',CURRENT_TIMESTAMP + INTERVAL 1 MINUTE +INTERVAL 30 SECOND,0.00000000000003);
	INSERT INTO Dati VALUES('C1','AAAB2003',CURRENT_TIMESTAMP + INTERVAL 2 MINUTE,0.00000000000003);
    INSERT INTO Dati VALUES('C1','AAAB2003',CURRENT_TIMESTAMP + INTERVAL 2 MINUTE +INTERVAL 30 SECOND,0.00000000000003);
    INSERT INTO Dati VALUES('C1','AAAB2003',CURRENT_TIMESTAMP + INTERVAL 3 MINUTE,0.00000000000003);
    INSERT INTO Dati VALUES('C1','AAAB2003',CURRENT_TIMESTAMP + INTERVAL 3 MINUTE +INTERVAL 30 SECOND,0.00000000000003);
    INSERT INTO Dati VALUES('C1','AAAB2003',CURRENT_TIMESTAMP + INTERVAL 4 MINUTE,0.00000000000003);
    INSERT INTO Dati VALUES('C1','AAAB2003',CURRENT_TIMESTAMP + INTERVAL 4 MINUTE +INTERVAL 30 SECOND,0.00000000000003);
INSERT INTO Sensore VALUES('C2','AAAB2!02',5,FALSE,'Fessurimetro');
	INSERT INTO Dati VALUES('C2','AAAB2!02',CURRENT_TIMESTAMP,0.037);
    INSERT INTO Dati VALUES('C2','AAAB2!02',CURRENT_TIMESTAMP + INTERVAL 30 SECOND,0.037);
    INSERT INTO Dati VALUES('C2','AAAB2!02',CURRENT_TIMESTAMP + INTERVAL 1 MINUTE,0.037);
    INSERT INTO Dati VALUES('C2','AAAB2!02',CURRENT_TIMESTAMP + INTERVAL 1 MINUTE +INTERVAL 30 SECOND,0.037);
	INSERT INTO Dati VALUES('C2','AAAB2!02',CURRENT_TIMESTAMP + INTERVAL 2 MINUTE,0.037);
    INSERT INTO Dati VALUES('C2','AAAB2!02',CURRENT_TIMESTAMP + INTERVAL 2 MINUTE +INTERVAL 30 SECOND,0.037);
    INSERT INTO Dati VALUES('C2','AAAB2!02',CURRENT_TIMESTAMP + INTERVAL 3 MINUTE,0.037);
    INSERT INTO Dati VALUES('C2','AAAB2!02',CURRENT_TIMESTAMP + INTERVAL 3 MINUTE +INTERVAL 30 SECOND,0.037);
    INSERT INTO Dati VALUES('C2','AAAB2!02',CURRENT_TIMESTAMP + INTERVAL 4 MINUTE,0.037);
    INSERT INTO Dati VALUES('C2','AAAB2!02',CURRENT_TIMESTAMP + INTERVAL 4 MINUTE +INTERVAL 30 SECOND,0.037);


INSERT INTO Dati VALUES('B8','AAAA6101','2022-11-21',55); 
INSERT INTO Dati VALUES('B3','AAAA2001','2022-12-13',63); 
INSERT INTO Dati VALUES('C2','AAAA6104','2022-11-22',48); 
INSERT INTO Dati VALUES('C1','AAAA1103','2022-10-30',51); 
INSERT INTO Dati VALUES('A2','AAAA2!01','2022-11-10',58);
INSERT INTO Dati VALUES('A3','AAAA3004','2022-10-16',63);
INSERT INTO Dati VALUES('B5','AAAA1104','2022-10-24',70);
INSERT INTO Dati VALUES('A5','AAAA1002','2022-11-11',53); 
INSERT INTO Dati VALUES('B6','AAAA1102','2022-11-11',57); 
INSERT INTO Dati VALUES('C2','AAAB2!02','2022-11-27',8);
INSERT INTO Dati VALUES('B5','AAAB3002','2022-11-23',4);
INSERT INTO MV_StoricoEdificio VALUES('2022-11-23', 'AAA555' ,'AAAB3002', 'StrutturaleC - Gravita Crepa',1);
INSERT INTO MV_StoricoEdificio VALUES('2022-11-27', 'AAA777' ,'AAAB2!02', 'StrutturaleC - Gravita Crepa',2);
INSERT INTO MV_StoricoEdificio VALUES('2022-11-10', 'AAA222' ,'AAAA2!01', 'StrutturaleU - Livello Umidit',1);
INSERT INTO MV_StoricoEdificio VALUES('2022-10-16', 'AAA333' ,'AAAA3004', 'StrutturaleU - Livello Umidit',1);
INSERT INTO MV_StoricoEdificio VALUES('2022-10-24', 'AAA111' ,'AAAA1104', 'StrutturaleU - Livello Umidit',2);

INSERT INTO CalamitaPassate VALUES('2020-04-14', 'Terremoto', 'Provincia1', 6.3, 'Provincia1');
INSERT INTO CalamitaPassate VALUES('2020-04-14', 'Terremoto', 'Provincia2', 5.6, 'Provincia1');
INSERT INTO CalamitaPassate VALUES('2020-04-14', 'Terremoto', 'Provincia3', 4.5, 'Provincia1');

INSERT INTO CalamitaPassate VALUES('2020-09-28', 'Terremoto', 'Provincia2', 5.8, 'Provincia2');
INSERT INTO CalamitaPassate VALUES('2020-09-28', 'Terremoto', 'Provincia3', 3.5, 'Provincia2');
INSERT INTO CalamitaPassate VALUES('2020-09-28', 'Terremoto', 'Provincia4', 4.3, 'Provincia2');

INSERT INTO CalamitaPassate VALUES('2021-02-03', 'Terremoto', 'Provincia3', 5.3, 'Provincia3');
INSERT INTO CalamitaPassate VALUES('2021-02-03', 'Terremoto', 'Provincia1', 3.6, 'Provincia3');
INSERT INTO CalamitaPassate VALUES('2021-02-03', 'Terremoto', 'Provincia4', 4.8, 'Provincia3');

INSERT INTO CalamitaPassate VALUES('2021-07-21', 'Terremoto', 'Provincia4', 7.1, 'Provincia4');
INSERT INTO CalamitaPassate VALUES('2021-07-21', 'Terremoto', 'Provincia2', 5.6, 'Provincia4');
INSERT INTO CalamitaPassate VALUES('2021-07-21', 'Terremoto', 'Provincia1', 4.8, 'Provincia4');

INSERT INTO progetto VALUES('111AAA','2023-01-22','2023-01-24','2023-02-01','2023-02-26',NULL,0);
INSERT INTO progetto VALUES('222AAA','2023-03-22','2023-03-24','2023-04-25','2023-04-26',NULL,0);
INSERT INTO progetto VALUES('333AAA','2023-03-24','2023-03-25','2023-04-26','2023-05-27','2023-06-10',187820.56);
INSERT INTO progetto VALUES('444AAA','2023-03-25','2023-03-26',NULL,NULL,NULL,0);
INSERT INTO progetto VALUES('555AAA','2023-04-22','2023-04-24','2023-05-25','2023-06-26',NULL,0);
INSERT INTO progetto VALUES('666AAA','2023-08-22','2023-08-24','2023-09-25','2023-09-26',NULL,0);
INSERT INTO progetto VALUES('222AAB','2024-01-22','2024-01-24',NULL,NULL,NULL,0);

INSERT INTO associato VALUES('111AAA','AAA111');
INSERT INTO associato VALUES('222AAA','AAA222');
INSERT INTO associato VALUES('333AAA','AAA333');
INSERT INTO associato VALUES('444AAA','AAA444');
INSERT INTO associato VALUES('555AAA','AAA555');
INSERT INTO associato VALUES('666AAA','AAA666');
INSERT INTO associato VALUES('666AAA','AAA777');
INSERT INTO associato VALUES('222AAB','AAA222');

INSERT INTO stadioavanzamento VALUES('111AAA',1,'2023-02-02','2023-02-13','2023-02-16');
INSERT INTO stadioavanzamento VALUES('222AAA',1,NULL,NULL,NULL);
INSERT INTO stadioavanzamento VALUES('333AAA',1,'2023-04-27','2023-05-14','2023-05-14');
INSERT INTO stadioavanzamento VALUES('333AAA',2,'2023-05-15','2023-06-05','2023-06-05');
INSERT INTO stadioavanzamento VALUES('444AAA',1,NULL,NULL,NULL);
INSERT INTO stadioavanzamento VALUES('555AAA',1,'2023-05-26','2023-06-15','2023-06-15');
INSERT INTO stadioavanzamento VALUES('555AAA',2,'2023-06-15','2023-06-15','2023-06-24');
INSERT INTO stadioavanzamento VALUES('666AAA',1,'2023-09-26','2023-10-16','2023-10-16');
INSERT INTO stadioavanzamento VALUES('222AAB',1,NULL,NULL,NULL);
INSERT INTO stadioavanzamento VALUES('111AAA',2,'2023-02-14','2023-02-26',NULL);
INSERT INTO stadioavanzamento VALUES('222AAA',2,NULL,NULL,NULL);
INSERT INTO stadioavanzamento VALUES('444AAA',2,NULL,NULL,NULL);
INSERT INTO stadioavanzamento VALUES('666AAA',2,'2023-10-05','2023-10-26',NULL);
INSERT INTO stadioavanzamento VALUES('222AAB',2,NULL,NULL,NULL);

INSERT INTO Responsabile VALUES('R111','Thomas','Castiglia',5.2);
INSERT INTO Responsabile VALUES ('R222','Alessandro','Molinari',3.2);
INSERT INTO Responsabile VALUES('R333','Giulia','Boni',11.2);
INSERT INTO Responsabile VALUES('R444','Roger','Federer',7.4);
INSERT INTO Responsabile VALUES('R555','Bigoni','Bigoni',12.3);

INSERT INTO Assegnato VALUES('R111','666AAA',1);
INSERT INTO Assegnato VALUES('R222','666AAA',1);
INSERT INTO Assegnato VALUES('R111','666AAA',2);
INSERT INTO Assegnato VALUES('R333','666AAA',2);
INSERT INTO Assegnato VALUES('R555','666AAA',2);

INSERT INTO CapoCantiere VALUES('CCA111','Mario','Rossi',13.50,2,0); 
INSERT INTO CapoCantiere VALUES('CCA222','Luca','Bianchi',12.60,0,0);
INSERT INTO CapoCantiere VALUES('CCA333','Carlo','Carleo',14.34,6,0);
INSERT INTO CapoCantiere VALUES('CCA444','Luigi','Mario',18.55,16,0);
INSERT INTO CapoCantiere VALUES('CCA555','Mario','Mario',18.57,18,0);
INSERT INTO CapoCantiere VALUES('CCA666','Giancarlo','Esposito',15.34,15,0);

INSERT INTO Operaio VALUES('OPAA1111','Walter','White',10.50); 
INSERT INTO Operaio VALUES('OPAA1122','Jesse','Pinkman',9.60);
INSERT INTO Operaio VALUES('OPAA1133','Mike', 'Ehrmantraut',11.34);
INSERT INTO Operaio VALUES('OPAA1144','Hank','Schrader',10.55);
INSERT INTO Operaio VALUES('OPAA1155','Skyler','White',5.57);
INSERT INTO Operaio VALUES('OPAA1166','Jimmy','McGill',10.34);
INSERT INTO Operaio VALUES('OPAA1177','Marie','Schrader',6.50); 
INSERT INTO Operaio VALUES('OPAA1188','Lalo','Salamanca',11.60);
INSERT INTO Operaio VALUES('OPAA1199','Hector','Salamanca',10.34);
INSERT INTO Operaio VALUES('OPAA1110','Tuco','Salamanca',9.55);
INSERT INTO Operaio VALUES('OPAA2111','Tyler','Durden',11.57);
INSERT INTO Operaio VALUES('OPAA2122','Patrick','Bateman',10.34);
INSERT INTO Operaio VALUES('OPAA2133','Paul','Allen',11.50);
INSERT INTO Operaio VALUES('OPAA2144','Amy','Pond',10.60);
INSERT INTO Operaio VALUES('OPAA2155','James','Bond',9.34);
INSERT INTO Operaio VALUES('OPAA2166','Gastani','Frinzi',10.55);
INSERT INTO Operaio VALUES('OPAA2177','Ignacio','Varga',8.57);
INSERT INTO Operaio VALUES('OPAA2188','Jordan','Belfort',11.34);
INSERT INTO Operaio VALUES('OPAA2199','Jeffrey','Lebownsky',8.50);
INSERT INTO Operaio VALUES('OPAA2200','Walter','Sobchack',7.60);
INSERT INTO Operaio VALUES('OPAA2211','Jesus','Quintana', 10.34);
INSERT INTO Operaio VALUES('OPAA2222','Osbourne','Cox',11.21);
INSERT INTO Operaio VALUES('OPAA2233','Chad','Feldheimer',9.57);
INSERT INTO Operaio VALUES('OPAA2244','Linda','Litzke',9.34);

INSERT INTO lavoro VALUES('111AAA',1,1,'2023-02-03','2023-02-04','2023-02-05' ,256,'S');
INSERT INTO lavoro VALUES('111AAA',1,2,'2023-02-05','2023-02-10','2023-02-11',2615,'I');
INSERT INTO lavoro VALUES ('111AAA',1,3,'2023-02-11','2023-02-15','2023-02-16',289,'F');
INSERT INTO lavoro VALUES('111AAA',2,1,'2023-02-16','2023-02-18','2023-02-19',1728.3,'S');
INSERT INTO lavoro VALUES('111AAA',2,2,'2023-02-19','2023-02-21','2023-02-22' ,654.3,'D');
INSERT INTO lavoro VALUES('111AAA',2,3,'2023-02-23','2023-02-25','2023-02-26',261.34,'I');
INSERT INTO lavoro VALUES('333AAA',1,1,'2023-04-28','2023-05-02','2023-05-02',451,'F');
INSERT INTO lavoro VALUES('333AAA',1,2,'2023-05-04','2023-05-14','2023-05-14',346,'S');
INSERT INTO Lavoro VALUES('333AAA',2,1,'2023-05-15','2023-05-17','2023-05-17',123,'D');
INSERT INTO Lavoro VALUES('333AAA',2,2,'2023-05-18','2023-05-21','2023-05-21',112,'I');
INSERT INTO Lavoro VALUES('333AAA',2,3,'2023-06-01','2023-06-05','2023-06-05',352,'F');
INSERT INTO Lavoro VALUES('555AAA',1,1,'2023-06-10','2023-06-12','2023-06-12',291,'S');
INSERT INTO Lavoro VALUES('555AAA',1,2,'2023-06-13','2023-06-15','2023-06-15',791.5,'I');
INSERT INTO Lavoro VALUES('555AAA',2,1,'2023-06-16','2023-06-20','2023-06-18',2671.4,'S');
INSERT INTO Lavoro VALUES('555AAA',2,2,'2023-06-19','2023-06-24','2023-06-24',221.2,'D');
INSERT INTO Lavoro VALUES('666AAA',1,1,'2023-09-27','2023-10-01','2023-10-01',645,'F');
INSERT INTO lavora1 VALUES('CCA222','666AAA',1,1);
INSERT INTO lavora2 VALUES('OPAA1111','666AAA',1,1);
INSERT INTO lavora2 VALUES ('OPAA1122','666AAA',1,1);
INSERT INTO lavora2 VALUES ('OPAA1133','666AAA',1,1);
INSERT INTO Lavoro VALUES('666AAA',1,2,'2023-10-02','2023-10-10','2023-10-10',543,'S');
INSERT INTO lavora1 VALUES('CCA222','666AAA',1,2);
INSERT INTO lavora2 VALUES('OPAA1111','666AAA',1,2);
INSERT INTO lavora2 VALUES ('OPAA1122','666AAA',1,2);
INSERT INTO lavora2 VALUES ('OPAA1133','666AAA',1,2);
INSERT INTO Lavoro VALUES('666AAA',1,3,'2023-10-11','2023-10-16','2023-10-16',436.3,'D');
INSERT INTO lavora1 VALUES('CCA222','666AAA',1,3);
INSERT INTO lavora2 VALUES('OPAA1111','666AAA',1,3);
INSERT INTO lavora2 VALUES ('OPAA1122','666AAA',1,3);
INSERT INTO lavora2 VALUES ('OPAA1133','666AAA',1,3);

INSERT INTO Lavoro VALUES('666AAA',2,1,'2023-10-17','2023-10-21','2023-10-22',453.3,'I');
INSERT INTO lavora1 VALUES('CCA111','666AAA',2,1);
INSERT INTO lavora1 VALUES('CCA222','666AAA',2,1);
INSERT INTO lavora2 VALUES('OPAA1111','666AAA',2,1);
INSERT INTO lavora2 VALUES ('OPAA1122','666AAA',2,1);
INSERT INTO lavora2 VALUES ('OPAA1133','666AAA',2,1);
INSERT INTO lavora2 VALUES('OPAA1144','666AAA',2,1);
INSERT INTO Lavoro VALUES('666AAA',2,2,'2023-10-22','2023-10-25',NULL,0,'I');
INSERT INTO lavora1 VALUES('CCA111','666AAA',2,2);
INSERT INTO lavora1 VALUES('CCA222','666AAA',2,2);
INSERT INTO lavora1 VALUES('CCA333','666AAA',2,2);
INSERT INTO lavora1 VALUES('CCA444','666AAA',2,2);
INSERT INTO lavora2 VALUES('OPAA2200','666AAA',2,2);
INSERT INTO lavora2 VALUES('OPAA1111','666AAA',2,2);
INSERT INTO lavora2 VALUES('OPAA1122','666AAA',2,2);
INSERT INTO lavora2 VALUES('OPAA1133','666AAA',2,2);
INSERT INTO lavora2 VALUES('OPAA1144','666AAA',2,2);
INSERT INTO lavora2 VALUES('OPAA1155','666AAA',2,2);
INSERT INTO lavora2 VALUES('OPAA1166','666AAA',2,2);
INSERT INTO lavora2 VALUES('OPAA1177','666AAA',2,2);
INSERT INTO lavora2 VALUES('OPAA1188','666AAA',2,2);
INSERT INTO lavora2 VALUES('OPAA1199','666AAA',2,2);
INSERT INTO lavora2 VALUES('OPAA1110','666AAA',2,2);
INSERT INTO lavora2 VALUES('OPAA2111','666AAA',2,2);
INSERT INTO lavora2 VALUES('OPAA2122','666AAA',2,2);
INSERT INTO lavora2 VALUES('OPAA2133','666AAA',2,2);
INSERT INTO lavora2 VALUES('OPAA2144','666AAA',2,2);
INSERT INTO lavora2 VALUES('OPAA2155','666AAA',2,2);
INSERT INTO lavora2 VALUES('OPAA2166','666AAA',2,2);
INSERT INTO lavora2 VALUES('OPAA2177','666AAA',2,2);
INSERT INTO lavora2 VALUES('OPAA2188','666AAA',2,2);
INSERT INTO lavora2 VALUES('OPAA2199','666AAA',2,2);

INSERT INTO Turno VALUES('08:00-12:00');
INSERT INTO Turno VALUES('08:00-13:00');
INSERT INTO Turno VALUES('09:00-13:00');
INSERT INTO Turno VALUES('10:00-14:00');
INSERT INTO Turno VALUES('13:00-16:00');
INSERT INTO Turno VALUES('13:00-17:00');
INSERT INTO Turno VALUES('13:00-18:00');
INSERT INTO Turno VALUES('14:00-16:00');
INSERT INTO Turno VALUES('14:00-17:00');
INSERT INTO Turno VALUES('14:00-18:00');
INSERT INTO Turno VALUES('14:00-19:00');
INSERT INTO Turno VALUES('15:00-17:00');
INSERT INTO Turno VALUES('15:00-18:00');
INSERT INTO Turno VALUES('18:00-20:00');
INSERT INTO Turno VALUES('18:00-21:00');
INSERT INTO Turno VALUES('18:00-22:00');
INSERT INTO Turno VALUES('18:00-23:00');
INSERT INTO Turno VALUES('19:00-21:00');
INSERT INTO Turno VALUES('19:00-22:00');
INSERT INTO Turno VALUES('19:00-23:00');
INSERT INTO Turno VALUES('20:00-22:00');
INSERT INTO Turno VALUES('20:00-23:00');

INSERT INTO Orario1 VALUES('CCA111','08:00-13:00');
INSERT INTO Orario1 VALUES('CCA222','09:00-13:00');
INSERT INTO Orario1 VALUES('CCA111','13:00-16:00');
INSERT INTO Orario1 VALUES('CCA222','13:00-17:00');
INSERT INTO Orario1 VALUES('CCA333','14:00-18:00');
INSERT INTO Orario1 VALUES('CCA444','15:00-18:00');
INSERT INTO Orario1 VALUES('CCA333','18:00-21:00');
INSERT INTO Orario1 VALUES('CCA444','18:00-22:00');

INSERT INTO Orario2 VALUES('OPAA1111','08:00-13:00');
INSERT INTO Orario2 VALUES('OPAA1122','08:00-13:00');
INSERT INTO Orario2 VALUES('OPAA1133','09:00-13:00');
INSERT INTO Orario2 VALUES('OPAA1144','14:00-18:00');
INSERT INTO Orario2 VALUES('OPAA1155','14:00-18:00');
INSERT INTO Orario2 VALUES('OPAA1166','14:00-18:00');
INSERT INTO Orario2 VALUES('OPAA1177','14:00-19:00');
INSERT INTO Orario2 VALUES('OPAA1188','14:00-19:00');
INSERT INTO Orario2 VALUES('OPAA1199','14:00-19:00');
INSERT INTO Orario2 VALUES('OPAA2111','19:00-22:00');
INSERT INTO Orario2 VALUES('OPAA2122','19:00-22:00');
INSERT INTO Orario2 VALUES('OPAA2133','19:00-22:00');
INSERT INTO Orario2 VALUES('OPAA2144','19:00-22:00');
INSERT INTO Orario2 VALUES('OPAA2155','19:00-22:00');

INSERT INTO Materiali VALUES('MAAA1111','666AAA',1,1,4.2,'2023-02-03','Los Pollos Hermanos',20,0,0,1);
INSERT INTO Materiali VALUES('MAAA2222','666AAA',1,1,3.4,'2023-02-03','Los Pollos Hermanos',40,0,0,1);
INSERT INTO Materiali VALUES('MAAA3333','666AAA',1,1,9.3,'2023-02-03','Los Pollos Hermanos',22,0,0,1);
INSERT INTO Materiali VALUES('MAAA4444','666AAA',1,2,8.3,'2023-02-03','Los Pollos Hermanos',10,0,0,1);
INSERT INTO Materiali VALUES('MAAA5555','666AAA',1,2,1.4,'2023-02-03','Los Pollos Hermanos',18,0,1,0);
INSERT INTO Materiali VALUES('MAAA6666','666AAA',1,2,6.5,'2023-02-03','Los Pollos Hermanos',8,0,0,1);
INSERT INTO Materiali VALUES('MAAA7777','666AAA',1,3,7.4,'2023-02-03','Los Pollos Hermanos',7,0,1,0);
INSERT INTO Materiali VALUES('MAAA8888','666AAA',1,3,4.2,'2023-02-03','Los Pollos Hermanos',13,1,0,0);
INSERT INTO Materiali VALUES('MAAA9999','666AAA',1,3,8.6,'2023-02-03','Los Pollos Hermanos',21,0,1,0);
INSERT INTO Materiali VALUES('MAAB0000','666AAA',2,1,9.5,'2023-02-03','Los Pollos Hermanos',24,0,1,0);
INSERT INTO Materiali VALUES('MAAB1111','666AAA',2,1,5.3,'2023-02-03','Los Pollos Hermanos',11,0,0,1);
INSERT INTO Materiali VALUES('MAAB2222','666AAA',2,1,7.4,'2023-02-03','Los Pollos Hermanos',16,1,0,0);
INSERT INTO Materiali VALUES('MAAB3333','666AAA',2,2,8.4,'2023-02-03','Los Pollos Hermanos',5,1,0,0);
INSERT INTO Materiali VALUES('MAAB4444','666AAA',2,2,2.9,'2023-02-03','Los Pollos Hermanos',16,1,0,0);
INSERT INTO Materiali VALUES('MAAB5555','666AAA',2,2,8.6,'2023-02-03','Los Pollos Hermanos',32,1,0,0);

INSERT INTO Mattone VALUES('MAAA1111','Materiale1','tipo1',3.2,2.3,1.5);
INSERT INTO Mattone VALUES('MAAA2222','Materiale2','tipo2',2.8,2.8,1.8);
INSERT INTO Pietra VALUES('MAAA3333','Tipo1',12.4);
INSERT INTO Pietra VALUES('MAAA4444','Tipo2',11.3);
INSERT INTO Pietra VALUES('MAAA5555','Tipo3',14.2);
INSERT INTO Pietra VALUES('MAAA6666','Tipo4',15.2);
INSERT INTO Piastrella VALUES('MAAA7777','fantasia1','forma1','materiale1',2.234);
INSERT INTO Piastrella VALUES('MAAA8888','fantasia2','forma2','materiale2',1.345);
INSERT INTO Parquet VALUES('MAAA9999','tipo1');
INSERT INTO MaterialeGenerico VALUES('MAAB0000',18.3,17.4,10.3,'Descrizione1');
INSERT INTO MaterialeGenerico VALUES('MAAB1111',15.2,10.2,10.2,'Descrizione2');
INSERT INTO Intonaco VALUES('MAAB2222','colore1',2.345,'tipo1');
INSERT INTO Intonaco VALUES('MAAB3333','colore2',2.342,'tipo2');
INSERT INTO Intonaco VALUES('MAAB4444','colore3',2.341,'tipo3');
INSERT INTO Intonaco VALUES('MAAB5555','colore4',2.350,'tipo4');

INSERT INTO FattoSu VALUES ('AAAC3001','666AAA',1,1);
INSERT INTO FattoSu VALUES ('AAAC3002','666AAA',1,2);
INSERT INTO FattoSu VALUES('AAAC3003','666AAA',1,3);
INSERT INTO FattoSu VALUES ('AAAC3004','666AAA',2,1);
INSERT INTO FattoSu VALUES ('AAAC3003','666AAA',2,1);
INSERT INTO FattoSu VALUES ('AAAC3002','666AAA',2,2);
